"id","backdrop_path","first_air_date","genre_ids","idDb","name","origin_country","original_language","original_name","overview","popularity","poster_path","vote_average","vote_count","nbr_seasons","nbr_episodes","page"
1,"/q3jHCb4dMfYF6ojikKuHd6LscxC.jpg","2021-06-09","[18,10765]",84958,"Loki","[""US""]","en","Loki","La nouvelle série Disney+ Original des studios Marvel, Loki, se déroule après les événements relatés dans « Avengers: Endgame ». Elle met en scène le dieu de la malice juste après qu’il s'est affranchi de son frère Thor.",3150.287,"/zNwEwSXojMrQapZHQx5fO8iph4R.jpg",8.2,10492,2,12,1
2,"/4w3AZvQMdzOS7oXXrrPnRD59dBr.jpg","2002-11-04","[10767]",569,"Around the Horn","[""US""]","en","Around the Horn","",3121.544,"/jGJUpb4fZPaIs1oyFKn0AGjOq5b.jpg",4.4,5,3,197,1
3,"/l7LRGYJY3NzIGBlpvHpMsNXHbm5.jpg","2023-01-09","[10751,35]",218145,"Mama na prenájom","[""SK""]","sk","Mama na prenájom","",3097.149,"/fH7PP2Rkdlo414IHvZABBHhtoqd.jpg",6.1,8,2,169,1
4,"/218ZehBKlH8efPRRccmB7bu0oLQ.jpg","2023-09-25","[35,9648,10766,18]",219109,"Elas por Elas","[""BR""]","pt","Elas por Elas","",3026.18,"/hCSH5KvSqShWXhFiXr88wtJXwlO.jpg",9.6,5,1,42,1
5,"/9TXcHOeCsM8W3ZKKIKjdYUsRSeq.jpg","2017-07-17","[80,18]",72879,"Demain nous appartient","[""FR""]","fr","Demain nous appartient","La baie de Sète. Une violente explosion. Au milieu du chaos, une mère cherche son fils. Etait-il sur l’un des bateaux qui se sont percutés ? Aurait-il participé à ce qui apparaît très vite comme un meurtre ? Prête à tout pour protéger son enfant, sa vie bascule complètement lorsque l’on retrouve sur une plage le corps d’une femme, sa propre sœur, qu’elle n’a pas revue depuis plus de quinze ans…",2895.836,"/3uU5uJzOX7xe7mn7YKpBM9oiEZO.jpg",6.3,42,1,1554,1
6,"/5AkPhazx8F0Ht74CUdJU03vNzBi.jpg","2014-02-25","[10767]",61818,"Late Night with Seth Meyers","[""US""]","en","Late Night with Seth Meyers","",2568.089,"/x5asOuPOjW21e0Ykkvkuzu1TGEl.jpg",5.5,53,11,1446,1
7,"/69Jblm3seQgiPuPQMrJqg9Nxhaz.jpg","2011-01-10","[10763,10767]",101463,"Al rojo vivo","[""ES""]","es","Al rojo vivo","",2397.774,"/ag6PmoBxkF2s1uY3An618NCEt3g.jpg",3.4,20,14,335,1
8,"/i4n8ZKmCUaxcGMkPhm12selZiff.jpg","2023-06-12","[18,10766]",226411,"Mía es la venganza","[""ES""]","es","Mía es la venganza","",2364.718,"/wysp5AcY9JpLjje5NunKYw7Mrtc.jpg",7,61,1,110,1
9,"/2N4LXvTkUwPRkbvyzdmzvtnCHgR.jpg","2023-07-25","[]",225660,"Pira-Pirasong Paraiso","[""PH""]","tl","Pira-Pirasong Paraiso","",2304.787,"/gELcO56G9EsUj6LSjaDq8VvI8De.jpg",6,22,2,92,1
10,"/hwUQsL1cWt0bmbTxzCompqqvTH9.jpg","2004-01-22","[10764]",82250,"Gran hermano VIP","[""ES""]","es","Gran hermano VIP","",2138.001,"/9269PATr0bmEXKjkpR88mzGmNYI.jpg",4,7,8,264,1
11,"/eWF3oRyL4QWaidN9F4uvM7cBJUV.jpg","2005-10-13","[10766]",206559,"Binnelanders","[""ZA""]","af","Binnelanders","",2134.166,"/v9nGSRx5lFz6KEgfmgHJMSgaARC.jpg",4.9,16,19,4461,1
12,"/72iLiVaagM42DSygSs4xAnXvDzh.jpg","2023-10-02","[16]",233643,"しーくれっとみっしょん～潜入捜査官は絶対に負けない！～","[""JP""]","ja","しーくれっとみっしょん～潜入捜査官は絶対に負けない！～","L'histoire suit deux agents sous couverture, RIko Ikazuchi et son jeune partenaire, Noma, alors qu'ils s'infiltrent dans l'immeuble d'une organisation criminelle, prétendants être jeunes mariés. Toutefois, les suspects commencent à avoir des doutes quant à la nature de leur relation en raison de leurs nuits bien trop calmes. Afin de leur prouver qu'ils sont un couple marié et actif, le duo commence à pimenter leurs nuits… Pour la justice, bien sûr.",2118.75,"/ipqu76qqHiVB2vlK2gGZNwF9SwX.jpg",5.5,9,1,5,1
13,"/mlX6SG7lJ0BiLui5x5Nu4agetBA.jpg","2014-05-26","[10766,18]",82708,"Brugklas","[]","nl","Brugklas","Brugklas est une série néerlandaise pour la jeunesse, dans laquelle des situations réelles sont reconstituées. La série met en lumière des sujets auxquels les élèves de la première année de l'enseignement secondaire peuvent être confrontés.",2100.521,"/6Gr6rggaHHeUKgxEXONRyC66oRG.jpg",5.5,6,12,512,1
14,"/46PJ9taXITt1aXPZTMJXpBw5MlU.jpg","2023-08-21","[]",232937,"Minas de Pasión","[""MX""]","es","Minas de Pasión","",2032.198,"/lLJBisfhikqTD0Cj9a2ZJw5kyOe.jpg",7.4,22,1,60,1
15,"/9xxLWtnFxkpJ2h1uthpvCRK6vta.jpg","1999-09-20","[80,18,9648]",2734,"New York : Unité spéciale","[""US""]","en","Law & Order: Special Victims Unit","Une unité spéciale de la police de New York enquête sur des crimes à connotation sexuelle en prenant en charge les victimes.",2007.471,"/npyBMCzTbjtUZmQ1imOygiw3AaG.jpg",8,3429,24,538,1
16,"/zKBkTNmsNdUjkW4mBBDEh1WwBPP.jpg","2023-08-07","[18,9648]",229947,"우아한 제국","[""KR""]","ko","우아한 제국","",1937.033,"/xIsP0ODLawVkw8BInjJbX1LQFbd.jpg",8.5,2,1,60,1
17,"/aWPhMZ0P2DyfWB7k5NXhGHSZHGC.jpg","2023-05-08","[18,80,10766]",209265,"Terra e Paixão","[""BR""]","pt","Terra e Paixão","",1919.911,"/5kCMJ0vVzN9PsoamKctNnUz68Q2.jpg",6.5,123,1,162,1
18,"/yYNa1nqvNK94xZz3eKyfvZdAvPi.jpg","2020-11-02","[10766]",112470,"Ici tout commence","[""FR""]","fr","Ici tout commence","Cette nouvelle série se déroule dans la prestigieuse école de cuisine du chef étoilé, Auguste Armand. Tandis que les élèves suivent l'apprentissage de la gastronomie, des zones d'ombre et des tensions familiales et professionnelles se révèlent.",1887.91,"/60cqjI590JKXCAABqCStVmSBGET.jpg",6.8,30,1,793,2
19,"/oOce9hLMVFubjAJliau4kiSNPnW.jpg","1990-09-13","[80,18]",549,"New York, police judiciaire","[""US""]","en","Law & Order","À New York, détectives et assistants du procureur tentent de résoudre les affaires les plus délicates. Les uns sur le terrain, les autres devant les tribunaux.",1886.856,"/rXp8dYYdEPLTq8LUbWReOCSkvgt.jpg",7.5,467,22,488,2
20,"/yii7eIlaw1MRMfa7FTA6mW8hBUQ.jpg","2023-08-14","[35,10766]",213026,"Fuzuê","[""BR""]","pt","Fuzuê","",1754.923,"/zNNFg8z3z7uT817n6M0kHRcYwq1.jpg",5.8,20,1,84,2
21,"/k3gglFokJMY7zdaEgaTp4w9Plh3.jpg","2023-10-08","[10764]",236594,"Big Brother: Late and Live","[""GB""]","en","Big Brother: Late and Live","",1737.105,"/lRjcycXVYYaS2ix4TI8ISoivP1B.jpg",0,0,1,36,2
22,"null","2023-10-08","[10764]",237019,"Big Brother: Live Stream","[""GB""]","en","Big Brother: Live Stream","",1722.373,"/sYuUb7W2DyLux7paqF4Oob3z2bF.jpg",0,0,1,40,2
23,"/i8iqYtAy9qcO5RSrA1f6fY1n6SN.jpg","2015-11-16","[10766]",235484,"Suidooster","[""ZA""]","af","Suidooster","",1722.02,"/u4tPY6df9atOne5soyW7vUyRgvD.jpg",6,1,9,1942,2
24,"/5rlCFzqQENsqK9BYyf73cEcXJvD.jpg","2022-05-02","[]",225148,"Alessandro Borghese - Celebrity Chef","[""IT""]","it","Alessandro Borghese - Celebrity Chef","",1717.338,"/4PlmioYT4SpUdqkGxNoKSDOSD08.jpg",0,0,2,120,2
25,"/5MkBAawsj7O9zitVtzMXagyrIBw.jpg","2023-01-30","[18,10766]",217216,"Flor Sem Tempo","[""PT""]","pt","Flor Sem Tempo","",1541.59,"/bclnfDXvx7UydFSk83B258vRRvI.jpg",6.8,47,1,207,2
26,"/dld0di3IPDBQ8zqc0AHT9vFJ5tv.jpg","2022-01-10","[]",154828,"Vandaag Inside","[""NL""]","nl","Vandaag Inside","",1526.808,"/xEFfIcHzlxiYw8e6hXRCqskSKsG.jpg",4.3,6,4,369,2
27,"/3hOxwqn1P2AY0d20VVtxN2f3Lfh.jpg","2006-09-24","[35,10767]",6809,"El hormiguero","[""ES""]","es","El hormiguero","",1446.514,"/j8DmjpFs9sQdPyxlCk33wCmhiSJ.jpg",5.3,22,18,1065,2
28,"/2GflJk6Hm1L3FFVWIvnuOskDFGv.jpg","2023-08-28","[18,9648]",226773,"Senior High","[""PH""]","tl","Senior High","",1362.901,"/k285iD6gZIoLsVSczSjc4WIXkdc.jpg",1,1,2,70,2
29,"/6s3ftX4a1kECPCb1Ewq3GLhVFnn.jpg","2003-09-23","[80,18,10759]",4614,"NCIS : Enquêtes Spéciales","[""US""]","en","NCIS","À la tête de cette équipe du NCIS, qui opère en dehors de la chaîne de commandement militaire, l'agent Special Leroy Jethro Gibbs, un enquêteur qualifié dont les qualités sont d'être intelligent, solide et prêt à contourner les règles pour faire le travail. Travaillant sous les ordres de Gibbs, on retrouve l'agent Anthony DiNozzo, l'agent Abby Sciuto et le Dr Donald ""Ducky"" Mallard. De meurtre en espionnage anti-terrorisme et sous-marins volés, ces agents spéciaux parcourent la planète pour enquêter sur tous les crimes ayant un lien avec Marine ou le Corps de la Marine.",1295.802,"/2exOHePjOTquUsbThPGhuEjYTyA.jpg",7.6,2069,20,457,2
30,"/rj3jBAZwPiOgkwAy1205MAgLahj.jpg","2018-08-27","[10766]",81329,"Un si grand soleil","[""FR""]","fr","Un si grand soleil","Claire revient à Montpellier après 17 ans d’absence, pour faire découvrir sa ville natale à son fils Théo. Mais dès son arrivée, rien ne se passe comme prévu. Seulement quelques heures plus tard, elle est en garde à vue, accusée du meurtre d’un ami d’enfance. Pour se disculper, Claire n’aura d’autre choix que de percer tous les secrets du passé, notamment celui de la mort de sa sœur Angèle.",1248.378,"/v4r70Z5id8eHFCxrfBOtRgu6wLr.jpg",7.4,52,5,1274,2
31,"/7OrV2aAH5Yp7hA9zCCvUloLvZtl.jpg","2013-08-12","[16,10762]",57532,"La Pat'Patrouille","[""US""]","en","PAW Patrol","La Pat’ Patrouille compte six chiots héroïques qui répondent aux noms de Chase, Marcus, Rocky, Ruben, Zuma, et Stella. Ils sont menés par Ryder, un garçon de 10 ans féru de technologie. Tous ensemble, ils vivent des aventures palpitantes pour protéger la communauté de la Grande Vallée. La devise de Ryder ? « Aucune mission n'est trop dure car mes amis, ils assurent ! »",1237.176,"/nw2jRlCbBapEsRAMtsLONBbqXxp.jpg",7,660,10,451,2
32,"/ohJTnu93hJ0Uonl86Wn3mOSlWXN.jpg","2017-02-06","[10751,35,18]",91759,"Come Home Love: Lo and Behold","[""HK""]","cn","愛·回家之開心速遞","Hung Sue Gan partant du bas, a créé sa propre entreprise de logistique, qui fonctionne maintenant bien. Sa seule préoccupation maintenant, ce sont ses trois filles. Sa fille aînée a immigré à l'étranger. Sa deuxième fille, Hung Yeuk Shui, a atteint l'âge du mariage, mais n'a aucun espoir de se marier de si tôt.  Hung Sue Yan, le frère de Hung Sue Gan, emménage avec la famille, mettant temporairement fin à sa vie de photographe nomade. Il rejoint l'entreprise de Hung Yeuk Shui et rencontre Ko Pak Fei, le directeur d'une boutique en ligne. Depuis que Hung Sue Yan a emménagé, une série d'événements étranges se sont produits dans la famille. Après enquête, la source est retrouvée jusqu'à Lung Ging Fung, un jeune homme prometteur qui est le fils du magnat des grands magasins Lung Gam Wai.",1219.15,"/lgD4j9gUGmMckZpWWRJjorWqGVT.jpg",5,31,1,2133,2
33,"/gmECX1DvFgdUPjtio2zaL8BPYPu.jpg","2020-10-03","[16,10759,10765]",95479,"Jujutsu Kaisen","[""JP""]","ja","呪術廻戦","Souffrance, regrets, humiliations... les sentiments négatifs que ressentent les humains se transforment peu à peu en fléaux se cachant dans notre existence. Sévissant dans le monde entier, ils sont capables d'entraîner les gens dans de terribles malheurs et, parfois même, jusqu'à la mort. De plus, ces créatures ne peuvent être exorcisées que par un autre fléau.

Lycéen ordinaire, Yuji Itadori est toutefois doté d'une force physique hors du commun. Un jour, pour sauver un ami attaqué par un fléau, il mange un des doigts du démon à deux visages, devenant à son tour un fléau. Dès lors, il partage son corps avec le démon...",1219.147,"/ZhFzMk2UvUZMvWEsCW5lKXn9tN.jpg",8.6,2884,1,47,2
34,"/ds1n5P0Y92cTh6UpbcA89hxM96a.jpg","2005-03-27","[18]",1416,"Grey's Anatomy","[""US""]","en","Grey's Anatomy","Meredith Grey, fille d'un chirurgien très réputé, commence son internat de première année en médecine chirurgicale dans un hôpital de Seattle. La jeune femme s'efforce de maintenir de bonnes relations avec ses camarades internes, mais dans ce métier difficile la compétition fait rage.",1214.506,"/clnyhPqj1SNgpAdeSS6a6fwE6Bo.jpg",8.3,9600,19,419,2
35,"/kP7pCxfml6erWC9aB72ALtNawJq.jpg","2021-07-09","[10751,35,16]",126824,"Patrick Super Star","[""US""]","en","The Patrick Star Show","Patrick anime sa propre émissions dans sa maison familiale, avec le soutien de toute sa famille.",1186.095,"/gu3ws17jmULz2PioWarCOSdVgd6.jpg",5.7,27,2,60,2
36,"/sFRlpUJEN0y6yV7QK7DQJochbin.jpg","2023-10-16","[18]",216578,"Can't Buy Me Love","[""PH""]","tl","Can't Buy Me Love","",1163.142,"/jCGaLxSOANF44kAQqpA380Md1fq.jpg",0,0,1,150,2
37,"/wU1y7snEVYiJBpZ2k1DjIpHgJbx.jpg","1999-01-31","[16,35]",1434,"Les Griffin","[""US""]","en","Family Guy","La famille Griffin habite à Quahog, charmante petite bourgade américaine. Peter, le père, a érigé la fainéantise en philosophie de vie. Lois, la mère, est à la fois la femme au foyer bonne à tout faire et le cerveau de la famille. Chris, le fils, a hérité de son père ses formes généreuses et ses préoccupations favorites sont manger, surfer sur le web et manger. Megan, la fille, est l'archétype de l'adolescente en crise : elle ne s'aime pas et, en même temps, attend désespérément son prince. Stewie, le petit dernier, a pour ambition de conquérir le monde. Même Brian, le chien, est complètement fou, ou plutôt très intelligent : il parle, philosophe, débat... Bienvenue chez les Griffin !",1155.174,"/7nHl3OHUSTHgslQxJUzNSy9vxqo.jpg",7.3,3934,22,416,3
38,"/urzEsxKKNgCan2mX5z5heXbUyef.jpg","2023-09-28","[10765,10759,18]",205715,"Gen V","[""US""]","en","Gen V","De The Boys est née Génération V, nouvelle série sur la seule université américaine pour super-héros. Ces étudiants doués mettent à l'épreuve leur morale, s'affrontant pour une place au sommet du classement et une chance de rejoindre les Sept, l'équipe de super-héros d'élite de Vought. Quand les secrets de l'école sont révélés, ils doivent choisir à quelle sorte de super-héros ils veulent appartenir.",1149.053,"/iHKmYKwz06eahcJuaG2t8idsJTR.jpg",8,369,1,8,3
39,"/rBF8wVQN8hTWHspVZBlI3h7HZJ.jpg","2013-12-02","[16,35,10765,10759]",60625,"Rick et Morty","[""US""]","en","Rick and Morty","Un brillant inventeur et son petit fils un peu à l'Ouest partent à l'aventure...",1148.741,"/kKsdvIOfWhqw5ZfAepi5EZqhrsP.jpg",8.7,8732,7,71,3
40,"/63XwyHYjIHIm4F8Vg6wyBfDQprc.jpg","2000-10-06","[80,18,9648]",1431,"Les Experts","[""US""]","en","CSI: Crime Scene Investigation","À Las Vegas, un groupe d'experts scientifiques de la police recueille des indices sur les scènes de crime pour résoudre des enquêtes complexes. Un temps conduite par Gil Grissom, un entomologiste qui garde toujours son sang-froid, l'équipe enchaîne les affaires délicates : meurtres sanglants, viols, disparitions, leur taux d'efficacité est impressionnant. D.B. Russell, qui prend la suite des opérations après le départ de Gil Grissom et l'intérim de Raymond Langston, tente de maintenir la réputation d'excellence du service.",1148.216,"/irtL3x4OHPnFcAtNXFlGU3ObMnY.jpg",7.6,1072,15,335,3
41,"/vW16JyrWiB1cW9wWzxhmjVHoqwJ.jpg","2023-03-13","[10766]",217510,"Queridos Papás","[""PT""]","pt","Queridos Papás","",1146.835,"/m1aGGAPvLpWF5cGhkQeZjbpu2nr.jpg",4,4,1,184,3
42,"/qJnjJXBLgG4tummCm792nvNz7u1.jpg","2008-06-03","[10767]",23915,"Markus Lanz","[""DE""]","de","Markus Lanz","",1126.496,"/tr4cLn4ecRASV0SPM9FRv0AJOQF.jpg",6.5,6,16,1871,3
43,"/xl1wGwaPZInJo1JAnpKqnFozWBE.jpg","2014-02-17","[35,10767]",59941,"Le Tonight Show","[""US""]","en","The Tonight Show Starring Jimmy Fallon","Mêlant humour et talk-show, Jimmy Fallon reçoit des personnalités de la musique, du cinéma, ou encore du sport, pour un entretien.",1068.256,"/1g9k0mSogSkkC7aRZlrTvGYMudE.jpg",6,237,11,1253,3
44,"/5GN1gWsoL4DjyIQXnUlqZxOTkYj.jpg","2014-11-10","[10764]",104030,"Objectif Top Chef","[""FR""]","fr","Objectif Top Chef","Des apprentis cuisiniers sont sélectionnés en région et se voient imposer des défis gastronomiques autour de produits locaux. Plusieurs chefs étoilés participent au jury final. Le vainqueur intègre le concours Top Chef réservé aux professionnels.",1060.858,"/7jJKvZgjGPsiM5lkATRBitxtjGJ.jpg",0,0,9,383,3
45,"/ffyxj73OyMEgwS1JiluoYzd3VGb.jpg","2001-09-30","[18]",4601,"New York : Section criminelle","[""US""]","en","Law & Order: Criminal Intent","Une équipe de la police criminelle tentent d'élucider les crimes en essayant de cerner la psychologie des meurtriers.",1053.615,"/sXCZZpL0L5IQazaXY1wm5yTbfdk.jpg",7.6,303,10,195,3
46,"/ugcdRKcOyUMAr9hAsL058cAX2vj.jpg","2001-10-20","[10764]",12409,"Star Academy","[""FR""]","fr","Star Academy","Star Academy est une émission de téléréalité française. Il s'agit d'un concours musical où de jeunes talents suivent des cours axés principalement sur le chant, la danse et l'expression scénique. À la fin de chaque semaine, les jeunes talents participent à un prime en direct et qui se termine en général par l'élimination d'un candidat. Le public vote pour son candidat préféré.",1032.73,"/80BP36meHtHF2UuDBgvAJxgFo5V.jpg",6.4,5,11,224,3
47,"/6UH52Fmau8RPsMAbQbjwN3wJSCj.jpg","2021-03-25","[16,10765,10759,18]",95557,"Invincible","[""US""]","en","Invincible","Après avoir découvert que son père est le super-héros le plus puissant du monde, un ado développe lui aussi des pouvoirs et décide de suivre les traces de son géniteur...",999.607,"/yDWJYRAwMNKbIYT8ZB33qy84uzO.jpg",8.7,3802,2,16,3
48,"null","1950-10-02","[18]",12277,"Lux Video Theatre","[""US""]","en","Lux Video Theatre","",951.45,"null",5.3,3,7,337,3
49,"/7ajRFaUz7dW9IPsGagM8cubXPrB.jpg","2005-09-22","[80,18,9648]",4057,"Esprits criminels","[""US""]","en","Criminal Minds","Le Département des Sciences du Comportement est une section d'élite du FBI, spécialisée en psychologie criminelle. Elle intervient sur les pires scènes de crime des cinquante États américains, et traque les meurtriers en analysant leur comportement afin de pouvoir entrer dans leur esprit et les mettre le plus rapidement possible sous les verrous.

Au sein de cette unité qui évolue au gré des départs et des arrivées, chaque membre de l'équipe apporte son expérience et son expertise pour arrêter les tueurs en série qui sévissent à travers les États-Unis.",936.192,"/h203VCBDTjBOKS7tmgcQqMz5S2Q.jpg",8.3,3443,16,334,3
50,"/w6UrhLiXEMLwI4PFv2I2JEPhLRj.jpg","2023-10-05","[16,10765]",213331,"Berserk of Gluttony","[""JP""]","ja","暴食のベルセルク","Dans un monde où les compétences font tout. Fate Graphite possède l’une des plus inutiles : la Gloutonnerie. Un pouvoir qui agit comme une malédiction puisqu’elle lui procure une faim insatiable. Un jour, alors qu’il exerce son métier de garde du château, il se retrouve embarqué dans une embuscade et tue un voleur. Sa compétence s’active alors et dévore l’âme du malheureux. Désormais capable d’ajouter les statistiques de ses victimes aux siennes, Fate se lance dans une quête de puissance pour protéger celle qu’il aime. Mais tout pouvoir a un coût et la lutte pour ne pas sombrer dans la folie sera longue…",931.342,"/p5rtHwieByHo1NdzOxB3vtVJJnA.jpg",6.1,7,1,12,3
51,"/bYvY3jRcbww3BmgwmYQgyxTCuY1.jpg","2023-10-16","[18]",236287,"羅密歐與祝英台","[""HK""]","cn","羅密歐與祝英台","",918.863,"/jmNtLfpPpvilWt4G5vrOUkIpPAb.jpg",0,0,1,25,3
52,"/n6CnWXRQlgw3mlqHjnOn5Biq7ne.jpg","2011-07-24","[]",58141,"Farma","[""SK""]","sk","Farma","",911.483,"/xuscOJcoS9vMAKFgdiaDtypFg3y.jpg",4.9,7,8,521,3
53,"/mc3rG5M9dFVjMfaCFNfbD5gu2pK.jpg","2005-02-06","[16,35]",1433,"American Dad!","[""US""]","en","American Dad!","Agent de la CIA, Stan Smith est aussi l'époux comblé de la douce Francine et le fier papa de Hayley et Steve. Le tableau est idyllique. Le problème c'est que Stan a une légère tendance à verser dans la paranoïa. Prêt à tout pour défendre son Amérique chérie et ses valeurs conservatrices, il n'hésiterait pas à tirer sur son grille-pain si celui-ci était suspecté de trahison... Rajoutez à cela la présence dans la maison des Smith de Roger, l'alien sarcastique, et de Klaus, le poisson rouge d'origine germanique, et vous aurez le portrait haut en couleurs de ce père américain si parfait !",880.12,"/ILUJLAeT5DzpkqiatqA7djkVaP.jpg",7,1890,20,366,3
54,"/rJFqKcmMSttdNP58l0dVzY2NcTA.jpg","2008-09-23","[80,18,9648]",5920,"Mentalist","[""US""]","en","The Mentalist","Un mentaliste utilise ses extraordinaires dons d'observation pour résoudre des crimes en tant que consultant du CBI. Une façon pour lui de contribuer à la justice et de démasquer le mystérieux tueur en série qui a assassiné son épouse et sa fille...",877.892,"/mArnHiGxJWLuZ6i4onk0x02MmZi.jpg",8.4,3424,7,151,3
55,"/hLi5umdYp8VyoQqPE9QXCUsW0Ps.jpg","2000-07-03","[10764]",911,"कौन बनेगा करोड़पति","[""IN""]","hi","कौन बनेगा करोड़पति","",873.632,"/8srHjzgZq9V9sgsTkIwGARDyADj.jpg",7,25,15,1194,4
56,"/pXbmkAtj71jhb9jMDecJYVGv8Nm.jpg","2005-03-26","[10759,18,10765]",57243,"Doctor Who","[""GB""]","en","Doctor Who","Dernier représentant des Seigneurs du temps et âgé de plus de 900 ans, Le Docteur parcourt l'espace et le temps dans son TARDIS. Amoureux de la race humaine, il se fait régulièrement accompagner par une femme ou un homme. Partagé entre folie et génie, insouciant mais conscient de ses responsabilités, il défendra l'humanité quel que soit le prix à payer.",858.594,"/wj8W1GxULaGcf5X1lpvDqFJE9Zs.jpg",7.5,2668,13,153,4
57,"/nVRyd8hlg0ZLxBn9RaI7mUMQLnz.jpg","2005-09-13","[18,9648,10765]",1622,"Supernatural","[""US""]","en","Supernatural","Deux frères, Sam et Dean Winchester, chasseurs de créatures surnaturelles, sillonnent les États-Unis à bord d'une Chevrolet Impala noire de 1967 et enquêtent sur des phénomènes paranormaux (souvent issus du folklore, des superstitions, mythes et légendes urbaines américaines, mais aussi des monstres surnaturels tels que les fantômes, loups-garous, démons, vampires…).",845.811,"/tkaGDRpGPVikYFdokFOIA6DWDbz.jpg",8.3,6964,15,327,4
72,"/xEtiiv2uhGr9IPgeruuECIfyfin.jpg","2009-03-09","[18,80]",1419,"Castle","[""US""]","en","Castle","Richard Castle est un écrivain à succès spécialisé dans les thrillers. La police s'intéresse de près à lui lorsqu'un tueur copie les meurtres mis en scène dans ses romans. Une fois cette affaire résolue, Castle devient consultant pour la police de New York...",756.569,"/irQElqVbeEGL43ukWSFnkk8UwIR.jpg",8,1650,8,173,4
102,"/ehKbugcV7capCmFkUBcthx8YTXr.jpg","2023-10-08","[]",237243,"Big Brother","[""GB""]","en","Big Brother","",736.635,"/jvM79xdhalEOueokw1VbPzQWGM5.jpg",9.5,2,1,36,5
103,"/tRB52F0AoLvjxZn1TtgoBc4DXnw.jpg","2023-07-25","[]",226742,"Nag-aapoy na Damdamin","[""PH""]","tl","Nag-aapoy na Damdamin","",729.893,"/tFKsun3FtW9nxw1J14T9s7Iemm8.jpg",3.6,5,2,81,5
58,"/2eIlCirgcvEwmCSYh2wDfz5Sxvz.jpg","2013-09-23","[18,80,9648]",46952,"Blacklist","[""US""]","en","The Blacklist","Raymond « Red » Reddington, l’un des fugitifs les plus recherchés par le FBI, se rend en personne au quartier général du FBI à Washington. Il affirme avoir les mêmes intérêts que le FBI : faire tomber des criminels dangereux et des terroristes. Reddington coopérera, mais insiste pour ne parler qu’à Elizabeth Keen, une profileuse inexpérimentée du FBI. Keen s’interroge sur l’intérêt soudain que Reddington lui porte, bien qu’il soutienne que Keen est très spéciale. Après que le FBI a fait tomber un terroriste sur lequel il a fourni des informations, Reddington révèle que ce terroriste n’est que le premier de beaucoup d’autres à venir : durant les deux dernières décennies, il a fait une liste des criminels et terroristes qu'il croit introuvable par le FBI parce que ce dernier ignorait leur existence et que ce sont les plus importants. Reddington l’appelle « La Liste noire » (« The Blacklist »).",827.973,"/jpaB4abN5QhTV5wTJkIDn7gZx3J.jpg",7.6,2863,10,218,4
59,"/gMMnf8VRg3Z98WaFmOLr9Jk8pIs.jpg","2015-09-08","[35,10767]",63770,"The Late Show with Stephen Colbert","[""US""]","en","The Late Show with Stephen Colbert","L'acteur d'improvisation et comique Stephen Colbert laisse derrière lui son personnage ""The Colbert Report"" alors qu'il fait son retour tant attendu à la télévision. En tant qu'hôte de la franchise The Late Show redux - enregistrée au théâtre historique Ed Sullivan à New York - Colbert parle pour la première fois aux acteurs, aux athlètes, aux politiciens, aux bandes dessinées, aux artistes et aux musiciens. Les fans fidèles, cependant, seront également traités avec cohérence car Colbert reste soutenu par de nombreux membres de son équipe d'écriture et numérique de son ancienne entreprise. Jon Batiste, formé à Julliard, est le chef d'orchestre.",818.359,"/9jkThAGYj2yp8jsS6Nriy5mzKFT.jpg",6.5,215,9,1433,4
60,"/fg6M0aWG5OR0EQGx6hxisnnCMZe.jpg","2019-01-02","[10764]",84910,"The Masked Singer","[""US""]","en","The Masked Singer","",816.654,"/g2y2duCEYzCsfG4vbnTKKhUST5w.jpg",8.2,97,10,130,4
61,"/yEuepVOypBHTjVAWYkghKppJtxM.jpg","1997-03-23","[80,18,9648]",764,"Inspecteur Barnaby","[""GB""]","en","Midsomer Murders","L'inspecteur Barnaby, accompagné de son adjoint, enquêtent sur les crimes commis dans la région anglaise fictive du Midsomer...",816.563,"/yYk4Ju1A5jDGZ3jsNlicoeLni6c.jpg",7.6,246,23,136,4
62,"/xCdCsHCH7VCQqaDUPD5tG6omMsB.jpg","2003-01-26","[10767,35]",1489,"Jimmy Kimmel Live!","[""US""]","en","Jimmy Kimmel Live!","",815.66,"/hWLCBGQ2RFpjXyaKRMbL5bGEEDT.jpg",5.6,129,22,2652,4
63,"/gNPWlhUXhyWiHv9qxr57tvT0WwS.jpg","2014-10-07","[18,10765]",60735,"Flash","[""US""]","en","The Flash","Jeune expert de la police scientifique de Central City, Barry Allen se retrouve doté d'une vitesse extraordinaire après avoir été frappé par la foudre. Sous le costume de Flash, il utilise ses nouveaux pouvoirs pour combattre le crime.",810.655,"/Hrta0iq8KEQbdOpSnki2gUMowk.jpg",7.8,10678,9,184,4
64,"/xXRsKNJHTOGrs5wfYAxkbM2RiyT.jpg","2017-09-25","[18]",71712,"Good Doctor","[""US""]","en","The Good Doctor","Atteint d'un trouble du spectre de l'autisme, avec un haut niveau de fonctionnement, le Docteur en chirurgie Shaun Murphy rejoint un prestigieux hôpital de San Jose, en Californie. Isolé, il éprouve des difficultés à s'intégrer à l'équipe. Mais en mettant son incroyable don de savant au service de ses patients, ce jeune prodige finit par susciter l'admiration de ses collègues, même les plus sceptiques.",806.505,"/wa3VatSElQ5Mz4uWGggibLbpAGs.jpg",8.5,11836,6,116,4
65,"/hQmNB28ETKKWPBkdNnDbzSSgKtd.jpg","2012-01-08","[10764]",82395,"Le Tricheur","[""CA""]","fr","Le Tricheur","'Le Tricheur' est un jeu télévisé québécois diffusé depuis le 9 janvier 2012 sur le réseau TVA. Du lundi au vendredi, cinq émissions sont diffusées d'un format de 30 minutes chaque soir. L'animateur pose des questions à des personnalités, mais seulement un parmi les cinq peut voir les réponses; le tricheur change tous les soirs, permettant de faire des points. Par contre, le tricheur doit être subtil pour ne pas être repéré sinon il ne recevra pas d'argent à remettre pour sa fondation choisie.",805.616,"/voN5rAppQ9vgX3BzFRtSz3ohbmB.jpg",5,4,12,1882,4
66,"/3ysuWbjXP79zQZ546617cBhc31j.jpg","2009-11-12","[80]",40905,"SOKO Stuttgart","[""DE""]","de","SOKO Stuttgart","",804.009,"/eu50QVZd1b7itOI76oKPUR0Eqvl.jpg",6.2,6,15,353,4
67,"/oxF9YJcBJzDlpdtDG0FyfMisn1E.jpg","2002-09-26","[80,9648,10759,18]",2593,"FBI : Portés disparus","[""US""]","en","Without a Trace","Une brigade du FBI s'efforce de réunir témoignages et indices pour retrouver les personnes disparues. Le temps leur est compté car chaque heure qui passe réduit les chances de retrouver la victime.",790.842,"/nb8Je5893l6SpdRGBn68B2XABol.jpg",7.4,231,7,160,4
68,"/n04w4FxcGE6Sfe0M7zzWohKM3by.jpg","2021-10-12","[80,10765,18]",90462,"Chucky","[""US""]","en","Chucky","Lorsqu'une vieille poupée Chucky fait son apparition dans un vide-greniers de quartier, une paisible petite ville américaine se retrouve plongée en plein chaos, et une série de terribles meurtres commence à dévoiler les secrets des habitants.",782.839,"/7KbhQpg6OV2o58SoulRbEtK9HYT.jpg",7.9,3820,3,24,4
69,"/3a5k2ZuLMNhpMEZIq9hf3lCSOS.jpg","2010-09-24","[18,80]",32692,"Blue Bloods","[""US""]","en","Blue Bloods","Chez les Reagan, la ""Loi"" est une histoire de famille. Henry était commissaire général de New York, son fils Frank lui a succédé. Et la tradition perdure avec les enfants de ce dernier: Danny est inspecteur à la crim', Erin travaille au bureau du procureur et Jamie, le petit dernier, vient d'entrer dans la police. Quant à Joseph, qui était un des meilleurs inspecteurs dans les rangs de la police, sa mort pourrait être liée à la société secrète baptisée ""The Blue Templar"", regroupant des flics pourris... Les Reagan ne règnent pas sur New York, ils essaient d'y faire régner l'Ordre et la Justice.",781.238,"/ceqomvL0e1jGkJAPVWFlq2hGl7i.jpg",7.7,748,13,275,4
70,"/2sjy8Tu8PJGFQI4Foz4682qk8Mw.jpg","2002-09-23","[18,9648,80]",1620,"Les Experts : Miami","[""US""]","en","CSI: Miami","La police scientifique de Miami, le CSI, a fort à faire. Spécialisée dans les enquêtes criminelles ou les disparitions, ses membres sont tous d'éminents scientifiques qui s'appuient sur leurs connaissances en biologie, balistique, l'analyse des empreintes digitales ou encore des explosifs. Leur chef, Horatio Caine, une forte personnalité, est également spécialisé dans les affaires de déminage et d'incendies. Qu'il s'agisse du meurtre d'une famille entière, de la disparition d'étudiants ou de poseurs de bombes, l'équipe soudée travaille toujours d'arrache-pied.",775.994,"/gQOZRxFb6MHeMqQ9R6qRNMS337l.jpg",7.7,1472,10,232,4
71,"/r0Q6eeN9L1ORL9QsV0Sg8ZV3vnv.jpg","2004-11-16","[18,9648]",1408,"Dr House","[""US""]","en","House","Le docteur Gregory House, est un brillant médecin à tendance misanthrope qui dirige une équipe d'internistes au sein de l'hôpital fictif de Princeton-Plainsboro dans le New Jersey. House est un personnage arrogant, cynique, anticonformiste et asocial. Il souffre d'une claudication provenant d'une douleur chronique à la jambe droite due à un infarctus du muscle de la cuisse. Il marche avec une canne et abuse de Vicodin, un analgésique opiacé, pour soulager sa douleur.",759.58,"/2Bw00vWztWFeTFpWTuPbUMkyDCA.jpg",8.6,5863,8,177,4
104,"/9g3x5BSoBWKhzKRNuvm4xm0sExU.jpg","2001-10-16","[10765,10759,18]",4604,"Smallville","[""US""]","en","Smallville","Dans une petite bourgade qui a connu une pluie de météorites quelques années plus tôt, le jeune Clark Kent est élevé par une famille de fermiers. Contraint de cacher ses pouvoirs exceptionnels, il va apprendre à les utiliser pour aller au secours de son prochain.",722.242,"/el4r3RABoLe5Hh6U2I3OybBjrme.jpg",8.2,3761,10,216,5
105,"/17CJzNN1gEeqTvznJFMdYdmvqIg.jpg","2022-09-12","[18]",210078,"STAT","[""CA""]","fr","STAT","Quatre amis de longue date occupent des positions bien différentes au sein du personnel de l’Hôpital St-Vincent de Montréal. Ils se côtoient autant à l’intérieur de l’hôpital qu’à l’extérieur, autour de soupers bien arrosés. Le groupe d’amis est encore sous le choc du départ de François, décédé un an plus tôt dans des circonstances nébuleuses. Autour de ce noyau principal gravite une galerie de personnages tentant chacun de soulager le plus de gens possible dans des délais toujours courts.",719.149,"/i8t2DQVBv7rfJeUerVSIWGyMLqw.jpg",5.8,5,2,160,5
106,"/37KANhd8ZYBk8OAj3o10zfJzZAX.jpg","2020-04-30","[35,10765]",86248,"Upload","[""US""]","en","Upload","Dans un futur où les humains sont capables de ""s'uploader"" dans la vie après la mort, Nathan, mort prématurément, est accueilli dans sa version du paradis par une certaine Nora. Il va lui falloir s'adapter...",718.221,"/6TPGDrU9MyWbn2TpggJphVAVXiq.jpg",8,1022,3,25,5
107,"/or0E36KfzJYZwqXeiCfm1JgepKF.jpg","2011-06-23","[18]",37680,"Suits, avocats sur mesure","[""US""]","en","Suits","Avocat très ambitieux d'une grosse firme de Manhattan, Harvey Specter a besoin de quelqu'un pour l'épauler. Son choix se porte sur Mike Ross, un jeune homme très brillant mais sans diplôme, doté d'un talent certain et d'une mémoire photographique très précieuse. Ensemble, ils forment une équipe gagnante, prête à relever tous les défis. Mike devra cependant user de toutes les ruses pour maintenir sa place sans que personne ne découvre qu'il n'a jamais passé l'examen du barreau.",713.699,"/tVqvztjig1o001EAAZs9wCs3bV6.jpg",8.2,4535,9,134,5
108,"/aDBRtunw49UF4XmqfyNuD9nlYIu.jpg","2016-01-25","[80,10765]",63174,"Lucifer","[""US""]","en","Lucifer","Lassé d’être le Seigneur des Enfers, le diable s’installe à Los Angeles où il ouvre un nightclub et se lie avec une policière de la brigade criminelle...",702.07,"/tU34L2zd8sWxypSxAwg01mksLdq.jpg",8.5,13949,6,93,5
109,"/3Id4UGssefRUWLdsh8MXx0nnxst.jpg","2010-11-26","[16,10765,10759]",33217,"La Ligue des Justiciers : Nouvelle génération","[""US""]","en","Young Justice","Beaucoup de membres de la Ligue de Justice, les plus grands Super Héros de la Terre, vivent des aventures en solo, et sont souvent accompagnés d'un jeune protégé. Un jour, les jeunes Partenaires (Robin, Aqualad...) sont tous invités à visiter le quartier général de la Ligue, le Hall de Justice.  A peine ont-ils commencé ladite visite qu'une menace oblige leurs mentors à quitter les lieux, leur interdisant de quitter le Hall de Justice pour leur propre sécurité. Mais lorsque les jeunes héros découvrent une seconde menace, que leurs mentors n'ont pas remarquée en raison de la première qui les accapare, ils décident de prendre les choses en main...",696.118,"/y6oejQ0RGFZYILobsvze8F0xWEY.jpg",8.5,993,4,98,5
110,"/tc1YJLMCMFyvA1OsFyzMMJ2wIfL.jpg","1954-10-07","[18,9648]",12447,"Climax!","[""US""]","en","Climax!","",674.273,"/fO9xn3sIVQHs5ap4gUnQ4AacONE.jpg",2.9,7,4,166,5
111,"/ej5VNvBy4VqCqsuamY4oe4EiwFb.jpg","2010-09-20","[80,18,10759]",32798,"Hawaii 5-0","[""US""]","en","Hawaii Five-0","Le détective Steve McGarrett se rend à Oahu pour enquêter sur l'assassinat de son père. Une fois sur place, le gouverneur le persuade de rester et rejoindre l'unité des forces spéciales, qui combat le crime à Hawaii...",654.929,"/xqLE211jKGDQL1rLyjjqGR79Utp.jpg",7.7,1545,10,240,5
112,"null","2005-09-05","[18,35]",36361,"Ulice","[""CZ""]","cs","Ulice","",648.309,"/3ayWL13P1HeRnyVL9lU9flOdZjq.jpg",2.5,15,19,3877,5
113,"/5qNlwCIPJm4RkO3MnxfPnnwB310.jpg","1962-09-20","[80,9648,18]",21728,"Suspicion","[""US""]","en","The Alfred Hitchcock Hour","Suite d' ""Alfred Hitchcock présente"", cette série est une anthologie de petites histoires noires.",647.058,"/1VXTfckVsiNRqhWs9fdozyljuGy.jpg",7.9,49,3,93,5
114,"/nTmkBpKgQB2WFrC5PPEI244FMzA.jpg","2010-10-16","[10764]",33982,"मास्टरशेफ इंडिया","[""IN""]","hi","मास्टरशेफ इंडिया","",645.992,"/fcLmRLfztpheZ9N95vHOHHr3sQI.jpg",6.5,2,8,321,5
115,"/mlAzs3tyl5253roHi6eIRbeuONN.jpg","1989-07-05","[35]",1400,"Seinfeld","[""US""]","en","Seinfeld","Dans son propre rôle de comique, le bavard Jerry Seinfeld mène une vie qui ne le gâte pas tout le temps, notamment à cause des femmes. Avec son collaborateur malhonnête et son voisin loufoque, Jerry analyse toutes les petites choses du quotidien et les absurdités de la société.",644.04,"/jHd9QpsMGphze97dwK8bRQAAOcs.jpg",8.3,1703,9,180,5
116,"/2OMB0ynKlyIenMJWI2Dy9IWT4c.jpg","2011-04-17","[10765,18,10759]",1399,"Game of Thrones","[""US""]","en","Game of Thrones","Il y a très longtemps, à une époque oubliée, une force a détruit l'équilibre des saisons. Dans un pays où l'été peut durer plusieurs années et l'hiver toute une vie, des forces sinistres et surnaturelles se pressent aux portes du Royaume des Sept Couronnes. La confrérie de la Garde de Nuit, protégeant le Royaume de toute créature pouvant provenir d'au-delà du Mur protecteur, n'a plus les ressources nécessaires pour assurer la sécurité de tous. Après un été de dix années, un hiver rigoureux s'abat sur le Royaume avec la promesse d'un avenir des plus sombres. Pendant ce temps, complots et rivalités se jouent sur le continent pour s'emparer du Trône de fer, le symbole du pouvoir absolu.",641.965,"/3YSdxdhhdCDlMs88RhvjhDLX4CA.jpg",8.4,22059,8,73,5
117,"/rxnschfLZf3ZPRiIa6oBBMtY7hF.jpg","1995-09-23","[18,10759]",4376,"JAG","[""US""]","en","JAG","Pilote de l'US Navy, le lieutenant Harmon Rabb est rattaché au JAG (Juge-Avocat Général) à la suite d'un accident d'avion.

Désormais avocat, il est chargé de gérer les conflits judiciaires internes à la Navy.",638.333,"/zPyHpkJZ5O08lbgrQQIROXtb3xz.jpg",7.3,304,10,227,6
118,"/1vpmGGDaW4aUGKCfQTV0ygAPtBu.jpg","1993-09-10","[10765,9648,80]",4087,"X-Files : Aux frontières du réel","[""US""]","en","The X-Files","Fox Mulder est un agent du FBI. Attiré par les phénomènes paranormaux et les croyances parfois irrationnelles, il s'intéresse aux affaires non classées, certaines relevant du paranormal. On lui adjoint une partenaire, Dana Scully, médecin et beaucoup plus adepte de la logique cartésienne. Mulder, obsédé par la disparition de sa sœur, est persuadé qu'elle a été enlevée par des aliens. Les deux agents vont ainsi entrevoir les grandes lignes de complots et autres théories de la conspiration...",638.08,"/eP4OS57gbqiOIvVAnCs8T4rz5t4.jpg",8.4,2765,11,218,6
119,"/l0qVZIpXtIo7km9u5Yqh0nKPOr5.jpg","1994-09-22","[35]",1668,"Friends","[""US""]","en","Friends","Les péripéties de 6 jeunes newyorkais liés par une profonde amitié. Entre amour, travail, famille, ils partagent leurs bonheurs et leurs soucis au Central Perk, leur café favori...",634.785,"/2koX1xLkpTQM4IZebYvKysFW1Nh.jpg",8.4,7272,10,228,6
120,"/2FEIbHSL9NIDXtDnPzmj2yzCAwO.jpg","2018-10-16","[80,18]",79744,"The Rookie : Le flic de Los Angeles","[""US""]","en","The Rookie","Lorsque sa femme le quitte et que son fils part à la fac, John Nolan, la quarantaine, est à un tournant de sa vie et décide de réaliser un vieux rêve : devenir flic ! Il part vivre à Los Angeles et se retrouve, malgré son âge, un bleu parmi les bleus...",631.283,"/dIxvlQczm4Jn7RpXhm0CzyN21IK.jpg",8.3,1461,5,98,6
121,"/pkKUW6wk2yfPc66YF7647ARi6uv.jpg","2009-10-05","[10764]",114439,"Let's Make a Deal","[""US""]","en","Let's Make a Deal","",626.458,"/pgtvpEKsSW2dwVwEnXgiw72I03V.jpg",5.6,10,15,1710,6
122,"/mkxcigG5i0vKc3kWddJxYB5vMoq.jpg","2017-09-04","[35,10767]",103960,"Richard Osman's House of Games","[""GB""]","en","Richard Osman's House of Games","",621.075,"/g1D2iBtf39IdPGBNB6Nsy6oJRXr.jpg",6,18,7,550,6
123,"/2vbE9ajftJ7dkqUAyxDS0WFILx8.jpg","2010-09-06","[16,35]",31132,"Regular Show","[""US""]","en","Regular Show","La série se focalise sur deux compères, un geai bleu nommé Mordecai et un raton-laveur nommé Rigby, tous deux employés dans un parc. Leurs tentatives pour s'amuser plutôt que de travailler les entraînent dans des mésaventures souvent surréalistes...",615.941,"/mS5SLxMYcKfUxA0utBSR5MOAWWr.jpg",8.6,1804,8,257,6
124,"/k1FVoLHTV9gJZBIE1Z4nMeQthuE.jpg","1982-01-16","[10767]",95226,"Champs-Élysées","[""FR""]","fr","Champs-Elysées","Champs-Élysées est une émission de variétés de la télévision française présentée par Michel Drucker puis par Laurent Ruquier et diffusée en direct à partir du 16 janvier 1982 à juin 1985 et de janvier 1986 jusqu'au 29 juin 1990 tous les samedis soir sur Antenne 2 et de façon irrégulière sur France 2 du 13 novembre 2010 au 11 mai 2013. L'émission doit son nom au fait qu'elle est réalisée en direct du Pavillon Gabriel, situé avenue Gabriel, le long de l'avenue des Champs-Élysées à Paris. L'indicatif musical du générique de l'émission a été composée par Jean-Pierre Bourtayre et Jean-Claude Petit. La chorégraphie du générique a été composée par Redha.",598.158,"/uA6Waea7ozD7OEXNGaSqPtydPdd.jpg",6.7,3,13,293,6
125,"/4FqKFhF4BrNsrK3EdRpVJofVqCp.jpg","1993-09-16","[35]",3452,"Frasier","[""US""]","en","Frasier","Psychiatre à la radio, Frasier Crane, voit ses petites habitudes bouleversées lorsqu’il accepte d’accueillir son père chez lui. Divorcé et maniaque, cet homme de quarante ans est habitué à vivre seul et n’aime pas que l’on dérange sa petite routine. Cependant il ne peut mettre à la porte son père handicapé (policier blessé en service) et les deux hommes sont obligés de cohabiter tant bien que mal. Mais la communication n’est pas bonne, père et fils ont du mal à extérioriser leurs sentiments et les discussions finissent bien souvent en disputes.

Pour s’éloigner de cette ambiance tendue, Frasier aime retrouver son frère Niles autour d'un café, pour philosopher sur l'existence et critiquer son entourage. Niles est un personnage snob et intolérant, peu disposé à faire des sacrifices.",597.933,"/gYAb6GCVEFsU9hzMCG5rxaxoIv3.jpg",7.6,673,11,264,6
126,"/zHA6kd8INvqMfGR9vDrn1GATKxs.jpg","2006-07-07","[35,18,9648]",1447,"Psych : Enquêteur malgré lui","[""US""]","en","Psych","Fils de policier, Shawn Spencer a toujours appris à observer et noter les moindre détails. Lorsqu'il est accusé d'un crime à tort, il convainc la police qu'il a des pouvoirs psychiques et les aide à résoudre des affaires...",596.252,"/fDI15gTVbtW5Sbv5QenqecRxWKJ.jpg",7.9,680,8,120,6
127,"/yCUmQNxD7hmZnS3FxCf4nn6x5FP.jpg","1975-10-20","[10763]",1655,"PBS NewsHour","[""US""]","en","PBS NewsHour","",593.208,"/n2ENKd1fKB1v12c9rCwFpjMz3mr.jpg",5.3,43,13,2591,6
128,"/rX5hvSRB2k4YoIvRg6Zky52rWk0.jpg","2016-10-02","[10765,37]",63247,"Westworld","[""US""]","en","Westworld","À Westworld, un parc d'attractions dernier cri, les visiteurs paient des fortunes pour revivre le frisson de la conquête de l'Ouest. Dolores, Teddy et bien d'autres sont des androïdes à apparence humaine créés pour donner l'illusion et offrir du dépaysement aux clients. Pour ces derniers, Westworld est l'occasion de laisser libre-cours à leurs fantasmes. Cet univers bien huilé est mis en péril lorsqu'à la suite d'une mise à jour, quelques robots commencent à adopter des comportements imprévisibles, voire erratiques. En coulisses, l'équipe, qui tire les ficelles de ce monde alternatif, s'inquiète de ces incidents de plus en plus nombreux. Les enjeux du programme Westworld étant énormes, la Direction ne peut se permettre une mauvaise publicité qui ferait fuir ses clients. Que se passe-t-il réellement avec les androïdes ré-encodés ?",592.253,"/iblRK215A0oz3ewTtIIXO9XcW1N.jpg",8.1,4999,4,36,6
129,"/u98PeujOJCXCowph9mxRzo9Nw1s.jpg","2000-10-15","[35]",4546,"Larry et son nombril","[""US""]","en","Curb Your Enthusiasm","Le moindre petit imprévu suffit à transformer en cauchemar la vie sereine que mène le producteur hollywoodien David Larry aux côtés de son épouse Cheryl.",591.798,"/ROIKPTBItqNNeob70wGW7SbrMR.jpg",8.1,637,11,110,6
130,"/5mXZ0sdVPfj4bSkhPSWwTX2LcM5.jpg","1997-07-27","[10765,10759,9648]",4629,"Stargate SG-1","[""CA"",""US""]","en","Stargate SG-1","Grâce aux travaux de l'archéologue Daniel Jackson, l'armée américaine est parvenue à maîtriser le fonctionnement de la porte des étoiles, un portail permettant de visiter d'autres mondes, aux confins de la galaxie. L'équipe SG-1, composée de Daniel et de deux militaires, Samantha Carter et Jack O'Neill, s'adjoint les services d'un alien rebelle, Teal'c. Ce dernier a trahi les Goa'ulds, des extraterrestres qui se font passer pour des dieux, et espère que les Terriens l'aideront à combattre la tyrannie sur les planètes occupées par ses anciens maîtres. Ce derniers, qui ont autrefois assujetti les Terriens en prenant l'apparence de dieux égyptiens, grecs ou nordiques, n'entendent pas se laisser faire...",590.804,"/qpLbAe2eTHxtv6CxcyB9vgrgsq1.jpg",8.2,1383,10,214,6
131,"/coHpOy9OJyFiHWeH36cSHMpLUHC.jpg","2003-09-22","[35,18]",2691,"Mon oncle Charlie","[""US""]","en","Two and a Half Men","La vie d'un riche célibataire est bouleversée lorsque son frère divorcé et son neveu de dix ans débarquent dans sa propriété de Malibu. Malgré leurs différences, les deux frères décident de cohabiter pour offrir un foyer au jeune Jake.",588.738,"/A9QDK4OWpv41W27kCv0LXe30k9S.jpg",7.5,2866,12,262,6
132,"/jO803koX4pYjGuxjOkLytCusuJm.jpg","2010-11-08","[10767,35,10763]",32415,"Conan","[""US""]","en","Conan","Une émission-débat de fin de soirée, animée par Conan O'Brien.",585.986,"/kp8SWb4z0PTi1oXd8xTgy1LlkOK.jpg",7.1,202,11,1510,6
133,"/75ZH6Pd3ocOsJwKuWKWJPmdY2Gs.jpg","1962-10-04","[10759,80,18,9648]",4333,"Le Saint","[""GB""]","en","The Saint","Surnommé « le Saint » en raison de ses initiales, Simon Templar est un détective amateur au charme irrésistible qui traque les criminels à travers le monde.",585.7,"/53iNvdbKokcRC7FKw6GR2ngPAPb.jpg",7.2,92,6,118,6
134,"/iNt4CmfX70UlqFG6Ixxnhto3IOA.jpg","2015-03-12","[10767]",72649,"Hot Ones","[""US""]","en","Hot Ones","",582.599,"/4uudasFgKCVQFNGqfanD6wEGVS1.jpg",7.3,36,22,319,6
135,"/ZScPtd5LUfCXohdaSdmDpLRvc1.jpg","2019-03-04","[10764]",87362,"Alla mot alla med Filip och Fredrik","[""SE""]","sv","Alla mot alla med Filip och Fredrik","",577.221,"/hzuvck8dK9p8bYqk2vTac0ERfPu.jpg",7.8,5,10,576,7
136,"/xHkOKPUe3ioXyPIe5odyL6o6cp4.jpg","2018-06-20","[37,18]",73586,"Yellowstone","[""US""]","en","Yellowstone","Dans le Montana, la famille Dutton possède le plus grand ranch des États-Unis près du parc national de Yellowstone. Menée par le patriarche John, la famille se bat contre des politiciens et des promoteurs immobiliers.",572.123,"/peNC0eyc3TQJa6x4TdKcBPNP4t0.jpg",8.2,1808,5,47,7
137,"/jgb9xICHFX8wTGQ75js4uNbttQs.jpg","2015-10-26","[18,10765,10759]",62688,"Supergirl","[""US""]","en","Supergirl","Les aventures de Kara Zor-El, la cousine de Superman. À 24 ans, après seulement quatre années passées sur Terre, la jeune femme se sent impuissante face à ses pouvoirs extraordinaires qu'on lui a appris à ne pas utiliser. Mais un désastre inattendu va la forcer à les révéler et c'est ainsi qu'elle commence à aider les habitants de sa ville, qui ne tardent pas à la surnommer Supergirl...",561.472,"/vqBsgL9nd2v04ZvCqPzwtckDdFD.jpg",7.3,3995,6,126,7
138,"/oUptXLKYtcPqJSuvWFz84qlJwYf.jpg","2002-07-12","[35,80,18,9648]",1695,"Monk","[""US""]","en","Monk","Il est aussi ingénieux que névrosé et sujet à des troubles obsessionnels compulsifs. Tony Shalhoub, lauréat d’un Emmy et d’un Golden Globe, incarne le détective Adrian Monk, déclaré inapte à accomplir son devoir et cependant très demandé comme consultant de la police sur les cas les plus épineux. Et tout en combattant le crime, Monk mène également une lutte sans merci contre pratiquement toutes les phobies que connait l’humanité.",561.066,"/dH3S3o9uPgbeTgllRybStDrFKAI.jpg",7.9,901,8,125,7
139,"/4oAB2qs7lwfhw1BaUmp7xkryM7E.jpg","2002-01-09","[80]",41149,"Die Rosenheim-Cops","[""DE""]","de","Die Rosenheim-Cops","",552.086,"/kAhi0xY6gIEMvHtmChC44pBwOWG.jpg",6.8,18,23,546,7
140,"/d7cH4zt3xoqRQnLqYXMPOrUz5k3.jpg","1971-09-15","[80,18,9648]",873,"Columbo","[""US""]","en","Columbo","Le lieutenant Columbo fait partie de la brigade criminelle de Los Angeles (Los Angeles Police Department). Sa particularité, il n’a aucune arme et conduit une vieille Peugeot 403.

Le lieutenant Columbo, vêtu de son vieil imperméable élimé et de costumes froissés, donne l'impression d'être un naïf et tête en l’air, son apparence nonchalante incite souvent les coupables à le sous-estimer.

Guidé par son flair infaillible, son grand sens du détail et à son ingéniosité, il arrive toujours à faire la lumière sur le crime commis.",549.016,"/2JCD8vab3fircOU8cM2HJCxfv4I.jpg",8,576,10,67,7
141,"/vJIdVmdZevYauXkbQqSUTZlN4Kr.jpg","1961-09-27","[18]",17362,"Dr. Kildare","[""US""]","en","Dr. Kildare","",547.549,"/1zJFzPsnC3ih1sdY25XbHactXiB.jpg",5.2,14,5,191,7
142,"/rTx71KosAngE7Jb8ye9qfGSzwen.jpg","1963-09-17","[10759,18,9648]",10083,"Le Fugitif","[""US""]","en","The Fugitive","Accusé à tort du meurtre de sa femme, le docteur Richard Kimble est condamné à mort par la Cour Suprême des Etats-Unis. Lors de son transfert dans une autre prison en fourgon cellulaire, un accident se produit et Kimble en profite pour s'échapper, bien déterminé à retrouver le meurtrier d'Helen. Ce dernier est identifiable grâce à une prothèse qu'il porte en guise de bras droit.Mais Kimble est un homme traqué, recherché par toutes les polices, et spécialement par le lieutenant Philip Gerard, bien déterminé à le retrouver pour le livrer à la justice.",544.714,"/lvcuUQE6uS0VxFB6OXTerewYSh6.jpg",7.1,45,4,120,7
143,"null","1961-12-11","[35,10767]",10536,"The Mike Douglas Show","[""US""]","en","The Mike Douglas Show","",542.331,"null",5.3,4,21,394,7
144,"/9AeiA1XtP5sel2tAf9LaGeUjhDb.jpg","2013-09-17","[35,80]",48891,"Brooklyn Nine-Nine","[""US""]","en","Brooklyn Nine-Nine","La vie au sein du commissariat de police de Brooklyn n'est pas de tout repos : une pléiade d'inspecteurs un poil loufoques doivent jongler entre leur mission de protéger et servir les habitants de la ville, leur vie personnelle et surtout celle du bureau.",541.694,"/hgRMSOt7a1b8qyQR68vUixJPang.jpg",8.2,2923,8,152,7
145,"/nf3Vlxm3C9U1aKUUQHmKFZmxPSc.jpg","2014-08-09","[18,10765]",56570,"Outlander","[""US""]","en","Outlander","Les aventures de Claire, une infirmière de guerre mariée qui se retrouve accidentellement propulsée en pleine campagne écossaise de 1743. Elle se retrouve alors mêlée à des histoires de propriétés et d'espionnage qui la poussent à prendre la fuite et menacent sa vie. Elle est alors forcée d'épouser Jamie, un jeune guerrier écossais passionné qui s'enflamme pour elle et la conduit à être déchirée entre fidélité et désir, étant partagée entre deux hommes dramatiquement opposés et deux vies irréconciliables.",539.913,"/yq2O5h2fIEVurWEmnOvlPXoFRcX.jpg",8.2,2419,8,83,7
146,"/qO8uNvhYrBRKKWZLUdHrvwuuQpG.jpg","2021-02-23","[10765,18]",95057,"Superman & Loïs","[""US""]","en","Superman & Lois","Les aventures du couple Superman / Lois Lane alors qu'ils tentent de mener de front une vie professionnelle agitée et une vie familiale qui l'est au moins tout autant en tant que jeunes parents...",536.27,"/vlv1gn98GqMnKHLSh0dNciqGfBl.jpg",8.1,2134,4,43,7
147,"/a1axm2xRYGB35X406AMI51IrhYp.jpg","2012-10-10","[18]",44006,"Chicago Fire","[""US""]","en","Chicago Fire","La série se déroule de nos jours à Chicago, aux États-Unis et suit les membres d'une caserne des sapeurs-pompiers de la ville : la caserne 51. Elle se concentre aussi bien sur l'aspect professionnel du métier que sur la vie sociale des différents personnages. La vie au sein de la caserne, les émotions des personnages ainsi que les différents problèmes qu'ils rencontrent sont au centre de l'histoire, le tout agrémenté de nombreuses interventions qui donnent la part d'action à l'histoire.",533.456,"/h4CBBtjbGBhgpulhoQvoEaOG8yf.jpg",8.4,2026,11,239,7
148,"/a4doyPOabvQor0RGkWdhVENAR3G.jpg","2011-10-05","[18,9648,10765]",1413,"American Horror Story","[""US""]","en","American Horror Story","À chaque saison, son histoire. American Horror Story nous embarque dans des récits à la fois poignants et cauchemardesques, mêlant la peur, le gore et le politiquement correct. De quoi vous confronter à vos plus grandes frayeurs !",533.374,"/4nCnsAtM5yWEnK31VO9h2uymKP5.jpg",8.1,5239,12,130,7
149,"/iq4BjyVsDxzg24XnjoGP0Xi2Tz5.jpg","1957-09-21","[9648,18,80]",4177,"Perry Mason","[""US""]","en","Perry Mason","La série met en scène les affaires traitées par Perry Mason, célèbre avocat de Los Angeles.",531.513,"/zk2RBhWyrbI6gXfN4zueagq1nZT.jpg",7.7,105,9,271,7
150,"/m0bV3qBiJBBlpFaaKjwHo13MVjm.jpg","2005-01-03","[35,10767]",14981,"The Late Late Show with Craig Ferguson","[""US""]","en","The Late Late Show with Craig Ferguson","",529.277,"/gGC7zSDgG0FY0MbM1pjfhTCWQBI.jpg",6.9,80,11,2057,7
151,"/nMASWgNCBlb3FW6bLYEOsm0UZL0.jpg","1987-09-28","[10765,10759,18,9648]",655,"Star Trek : La nouvelle génération","[""US""]","en","Star Trek: The Next Generation","Cette série raconte les aventures, au XXIVe siècle, du vaisseau USS Enterprise (NCC-1701-D), commandé par un capitaine d'origine française, Jean-Luc Picard, et de son équipage.",528.673,"/6SCYWrBsB2MSSvESNPyXcxNCbkg.jpg",8.4,1291,7,176,7
152,"/slVhck5n2GwlgPFWKJGfqiYyzCd.jpg","2005-03-24","[35]",2316,"The Office","[""US""]","en","The Office","Le quotidien d'un groupe d'employés de bureau dans une fabrique de papier en Pennsylvanie. Michael Scott, le responsable régional, pense être le mec le plus drôle du bureau. Il ne se doute pas que ses employés le tolèrent uniquement parce que c'est lui qui signe les chèques. S'efforçant de paraître cool et apprécié de tous, Michael est en fait perçu comme étant pathétique...",526.051,"/2dApsoX4bd98szjrbj5i3syYOh2.jpg",8.6,3502,9,186,7
153,"/w6H16UchlNJ4Okiu1Qasa0btOAk.jpg","2018-01-03","[18,80,10759]",75219,"9-1-1","[""US""]","en","9-1-1","Du service d'appels d'urgences 911 aux pompiers, secouristes ou policiers, tous ces intervenants sont constamment sous pression, confrontés quotidiennement à des situations stupéfiantes, effrayantes, et parfois même choquantes. S'ils ont pour mission de voler au secours des personnes en danger, ces héros de l'ombre doivent aussi trouver le temps de résoudre les problèmes de leurs propres vies...",524.321,"/4zTmsU7RUOyFc7HqGd9EJprRNaC.jpg",8.2,2193,6,96,7
154,"/wufW6p9oRC38MnYW7lmUlsTUak8.jpg","2019-11-01","[18,10765,10768]",87917,"For All Mankind","[""US""]","en","For All Mankind","Ce qu'il se serait passé si la course à l'espace, à l'échelle mondiale, en pleine guerre froide, ne s'était jamais arrêtée...",520.269,"/fwU65YHkNbXpyNVtxGSpDOScMW1.jpg",7.7,516,4,40,8
155,"/jR4GKwQADfOQ2twiUtTmWpsUJVi.jpg","1995-12-05","[10764]",40605,"Die Harald Schmidt Show","[""DE""]","de","Die Harald Schmidt Show","",520.241,"/lQcE1AzjDP5zJRUW76PMRn7ai9W.jpg",7,14,14,1369,8
156,"/oS3nip9GGsx5A7vWp8A1cazqJlF.jpg","2011-10-28","[18,9648,10765]",39351,"Grimm","[""US""]","en","Grimm","L'inspecteur Nick Burkhardt apprend qu'il est le dernier de l'illustre lignée des Grimm : des êtres qui protègent les humains des monstres échappés des contes de fées.",519.642,"/9HLeuLgSbxsczYxrvtoHWqBSDTU.jpg",8.3,2906,6,122,8
157,"/bFVx0ydejF6NE8SEAVz95ns0o6A.jpg","2011-01-09","[18,35]",34307,"Shameless","[""US""]","en","Shameless","Pour les enfants Gallagher, la vie est tout sauf un long fleuve tranquille... Fiona, l'aînée, âgée de 20 ans, élève du mieux possible sa soeur et ses quatre frères. Leur mère, Monica, les a abandonnés pour refaire sa vie avec une femme. Quant à leur père, Frank, paumé, chômeur et alcoolique, il dilapide l'argent des allocations familiales...",518.946,"/mh0FPpfzEygHy4fE1v6ZSYlm07m.jpg",8.2,2301,11,134,8
158,"/e3n5q7RB47R8px3EN1ZXhC5kyLq.jpg","1995-03-26","[18,10765]",21561,"Au-delà du réel : L'aventure continue","[""US""]","en","The Outer Limits","Ceci n'est pas une défaillance de votre téléviseur... Difficile de décrire une anthologie brièvement : ce serait comme de vouloir faire un panorama de plus de 150 œuvres de science-fiction et de fantastique, en quelques paragraphes. Ici, malgré des moyens techniques résolument modernes, fi des effets spéciaux: les intrigues portent sur des thèmes sociaux et/ou psychologiques plus que sur du grand spectacle. Au travers de ses sept saisons, Au-delà du réel, l'aventure continue s'est appliquée à traduire, au plus près de l'esprit de la série des années 60, l'âme humaine, ses peurs, ses failles, ses zones d'ombres, ses excès, ses folies... On y retrouve une quantité impressionnante d'acteurs, de réalisateurs, de scénaristes, ayant prouvé ou prouvant encore au petit écran, leur talent.",516.103,"/w0vFKs1EK0M04v2lXBFtlhczUKU.jpg",7.9,176,7,153,8
159,"/hNkoafDHaWyeh6UV0ih5pPQ0CmR.jpg","2013-01-14","[18,36]",63252,"Amar es para siempre","[""ES""]","es","Amar es para siempre","",514.58,"/lwnQn72X1i1Wwxm2tdCKXmBj91g.jpg",4.7,3,12,421,8
160,"/e9n87p3Ax67spq3eUgLB6rjIEow.jpg","2005-09-13","[80,18]",1911,"Bones","[""US""]","en","Bones","Temperance Brennan est une anthropologue hautement qualifiée qui travaille à l'Institut Jeffersonian. En examinant les squelettes de personnes décédées, elle est capable d'en reconstituer la vie et les circonstances de la mort. De telles capacités n'échappent pas au FBI qui fait appel à ses services dans le cadre d'affaires criminelles lorsque les méthodes traditionnelles d'identification des corps ne donnent rien. Temperance travaille en collaboration avec l'agent spécial Seeley Booth, ancien sniper de l'armée qui se méfie de la science et des scientifiques.",513.011,"/jY8jLmNzWEsnHlTuI5FSzAb1ouo.jpg",8.3,2910,12,246,8
161,"/5TpptGoxVVght2n6oz8QJklmSTu.jpg","1989-03-26","[10765,10759,18]",4018,"Code Quantum","[""US""]","en","Quantum Leap","Samuel Beckett, dit Sam, est un brillant docteur qui va réussir à fabriquer une machine à remonter le temps. Un jour, il va se retrouver piégé par cette machine. Il va, en effet, passer dans le corps d’une personne différente à chaque épisode. Et ce n’est qu’en réglant les problèmes de cette personne qu’il sortira de son corps ! Il peut à chaque fois se retrouver dans la peau de n’importe qui, que ce soit un jeune homme de 20 ans dans les années 1960 ou une vieille femme de 60 ans dans les années 1980 ! Pour ce faire, il est aidé par Al, un élégant hologramme armé de Ziggy, un petit ordinateur capable de déterminer la situation du voyageur malgré lui. Série culte des années 1980, Code Quantum fut une véritable réussite, qui s’arrêta aux USA au bout de cinq saisons sur la NBC en 1993.",506.498,"/1969fw0KkFGfFK6z1RwrehXNOG3.jpg",8.1,619,5,97,8
162,"/vNnLAKmoczRlNarxyGrrw0KSOeX.jpg","2012-10-10","[80,18,9648,10759]",1412,"Arrow","[""US""]","en","Arrow","Les nouvelles aventures de Green Arrow/Oliver Queen, combattant ultra efficace issu de l'univers de DC Comics et surtout archer au talent fou, qui appartient notamment à la Justice League. Disparu en mer avec son père et sa petite amie, il est retrouvé vivant 5 ans plus tard sur une île près des côtes Chinoises. Mais il a changé : il est fort, courageux et déterminé à débarrasser Starling City de ses malfrats...",504.916,"/9hKYU0CovWVu3WyNkaQoYnAWsbU.jpg",6.8,5608,8,170,8
163,"/sJ8TnXxGm13VHcQrw3FnS6VXd8W.jpg","1993-10-29","[18]",2625,"Diagnostic : Meurtre","[""US""]","en","Diagnosis: Murder","Le docteur Mark Sloan aide un service de police à résoudre des enquêtes criminelles, en tant que consultant. Son fils Steve Sloan, policier très compétent, lui demande un coup de main pour résoudre les affaires difficiles.

Mark travaille au Community General Hospital de Los Angeles avec Amanda Livingstone, puis Bentley, qui est une de ses amies, et sur qui il peut compter pour résoudre les enquêtes. Pendant les deux premières saisons, Jack Stewart assiste Mark, Steve et Amanda puis décide de partir exercer dans le Colorado. À partir de la troisième saison, Jesse Travis prend la relève.",502.077,"/5yhozeY2KgYXQQE9kfbiIyypYiI.jpg",7.2,91,8,178,8
164,"/thLAoL6VeZGmCyDpCOeoxLvA8yS.jpg","2019-07-25","[10765,10759]",76479,"The Boys","[""US""]","en","The Boys","Lorsque les super-héros abusent de leurs super-pouvoirs au lieu de les utiliser pour faire le bien, les Boys se lancent dans une quête héroïque pour révéler la vérité sur The Seven et Vought, le conglomérat qui couvre leurs sales secrets.",497.724,"/4Tw8TB9ikrcgzJgR0LOvgfnXD74.jpg",8.5,8858,4,32,8
165,"/5s0VnyIk2nArAhVnIGVYQiElmea.jpg","2015-08-23","[10759,18]",62286,"Fear the Walking Dead","[""US""]","en","Fear the Walking Dead","Madison Clark est conseillère d’orientation dans un lycée de Los Angeles, aux États-Unis. Depuis la mort de son mari, elle élève seule ses deux enfants : Alicia, excellente élève, qui découvre les premiers émois amoureux, et son grand frère, Nick, qui a quitté la fac et cumule les problèmes. Ils n’acceptent pas vraiment le nouveau compagnon de leur mère, Travis Manawa, professeur dans le même lycée et père divorcé d’un jeune adolescent, Chris. Autour de cette famille recomposée, qui a du mal à recoller les morceaux, d’étranges comportements font leur apparition et une épidémie débute.

Prequel de The Walking Dead.",496.422,"/fGTFVoO4JHmtVTRsBvIOMUxdu1c.jpg",7.7,4624,8,113,8
166,"/6mE69fVYpgNVXFI0ezNaiQ3GS8.jpg","2011-01-09","[35,16]",32726,"Bob's Burgers","[""US""]","en","Bob's Burgers","Bob Belcher tient un petit restaurant de burgers dans une ville fictive américaine, aidé par sa femme, l'exubérante Linda, ainsi que ses trois enfants : Tina, l'aînée passionnée par les chevaux et les postérieurs, Gene, le garçon excentrique qui ne recule jamais devant un challenge, et enfin Louise, la petite dernière au caractère bien trempé toujours en train de faire des manigances.",493.239,"/couFnWryh9JRmmfDyPU6hUyTKIa.jpg",7.8,816,14,270,8
167,"/9faGSFi5jam6pDWGNd0p8JcJgXQ.jpg","2008-01-20","[18,80]",1396,"Breaking Bad","[""US""]","en","Breaking Bad","Walter White, professeur de chimie dans un lycée d'Albuquerque au Nouveau-Mexique, est atteint d'un cancer pulmonaire en phase terminale. Il s'associe à Jesse Pinkman, un ancien élève, cancre, toxicomane et dealer, afin d'assurer l'avenir financier de sa famille après son décès. L'improbable duo va alors synthétiser et commercialiser la plus pure méthamphétamine en cristaux jamais vue dans les Amériques.",490.203,"/3xnWaLQjelJDDF7LT1WBo6f4BRe.jpg",8.9,12594,5,62,8
168,"null","1948-01-01","[10764]",89293,"Bambi-Verleihung","[""DE""]","de","Bambi-Verleihung","",487.608,"/7Bc1fE5mKIYmhhgl0fVcw3nvDra.jpg",9,1,1,70,8
169,"/kitfuCa2TqX6oY5HvdFRjMMaLwc.jpg","2005-05-30","[10764]",2370,"Hell's Kitchen","[""US""]","en","Hell's Kitchen","Hell's Kitchen (en français la cuisine de l'enfer ou cuisine infernale) est une compétition américaine  de cuisine télévisée réelle basée sur la série britannique du même nom diffusée sur Fox. Elle est présentée par Gordon Ramsay. Deux équipes de chefs concourent pour un poste de chef dans un restaurant....",484.148,"/shOVFku8daIGRpgjTdMZBxUAvsV.jpg",6.9,236,22,340,8
170,"/Aj3hb13leEgC4lmU4YwRC4NaBsk.jpg","2001-10-02","[35]",4556,"Scrubs","[""US""]","en","Scrubs","Scrubs est une série centrée sur la vie du personnel de l'hôpital du Sacré-Cœur et particulièrement sur celle de John Dorian, alias « J.D. ». Au début de la série, J.D. est un jeune interne qui entre à l'hôpital, tout comme son meilleur ami et colocataire, l'apprenti-chirurgien Christopher Turk. Ils sont accompagnés dans leurs premiers pas par leur camarade Elliot Reid, jeune femme brillante mais névrosée au charme de laquelle J.D. n'est pas insensible, et par Carla Espinosa, infirmière au caractère bien trempé qui ne laisse pas Turk indifférent.",483.99,"/u1z05trCA7AuSuDhi365grwdos1.jpg",8,1580,9,182,8
190,"/k7T9xRyzP41wBVNyNeLmh8Ch7gD.jpg","2009-09-10","[18,10765]",18165,"Vampire Diaries","[""US""]","en","The Vampire Diaries","Quatre mois après le tragique accident de voiture qui a tué leurs parents, Elena Gilbert, 17 ans, et son frère Jeremy, 15 ans, essaient encore de s'adapter à cette nouvelle réalité. Belle et populaire, l'adolescente poursuit ses études au Mystic Falls High en s'efforçant de masquer son chagrin. Elena est immédiatement fascinée par Stefan et Damon Salvatore, deux frères que tout oppose. Elle ne tarde pas à découvrir qu'ils sont en fait des vampires...",448.239,"/xKltipwfXRgvyD2u79FUnXAZ09F.jpg",8.3,8410,8,171,10
191,"/ggPjnOA5sap6wyuAGUY7kwRseEi.jpg","1983-01-23","[10759]",1516,"L'Agence tous risques","[""US""]","en","The A-Team","L' « Agence tous risques », c'est un groupe de quatre anciens soldats d'un commando d'élite, recherchés par l'armée américaine après s'être évadés de prison, alors qu'ils avaient été condamnés à tort. Bien qu'Hannibal aime diriger les opérations, Futé est souvent à l'origine des plans de génie. Looping, un peu déjanté mais capable de piloter tout ce qui vole, apprécie particulièrement d'embêter Barracuda et ses kilos de bijoux autour du cou.",446,"/tw5zIQ0dxtHxEFln4CkMPI8AJvw.jpg",7.5,875,5,98,10
192,"/xWftQWlvdbgZx2uloutTVHc7CNP.jpg","2005-09-23","[10765,9648,18]",1606,"Ghost Whisperer","[""US""]","en","Ghost Whisperer","""Je m'appelle Melinda Gordon. Je viens de me marier, d'emménager dans une petite ville et d'ouvrir une boutique d'antiquités. Je pourrais être comme vous, mais depuis mon enfance, j'ai découvert que je peux entrer en contact avec les morts. Les esprits errants comme disait ma grand-mère. Ceux qui ne sont pas passés de l'autre côté parce qu'ils ont encore des affaires à résoudre avec les vivants et qui viennent me demander de l'aide. Pour vous raconter mon histoire, je dois vous raconter les leurs...""",445.903,"/nIboXXCporMO9Xskq7Rsf45Z6qW.jpg",8.1,1568,5,107,10
193,"/q18TcyP7w8yS44Sp6jW7kc3Buvm.jpg","2015-11-17","[18]",62650,"Chicago Med","[""US""]","en","Chicago Med","Le quotidien mouvementé du personnel d'un des plus importants hôpitaux de Chicago. Leur mission : sauver des vies, en se confrontant aux cas médicaux les plus critiques. Seuls leur courage et leur compassion leur permet au quotidien de faire face aux challenges parfois insurmontables de la médecine, ainsi qu'aux dilemmes éthiques propres à leur noble discipline.",445.562,"/gHP1tbA9XZ8rQTwgNpNKP8p3H9Z.jpg",8.3,1022,8,163,10
194,"/qBc0ST7YNvZVfCawuoxAm9QXTWB.jpg","1979-10-29","[35,18,10759]",3469,"Minder","[""GB""]","en","Minder","",440.054,"/4s9hiyQvTaMe1bK91HRCTgDTAoF.jpg",6.7,19,10,107,10
195,"/wsbb5sCQ3kugq0mQR8B0ZqKTVXC.jpg","2007-01-04","[80,18]",36301,"Notruf Hafenkante","[""DE""]","de","Notruf Hafenkante","",438.007,"/JSNSFn5vIIkdZnshTbNra4bcrZ.jpg",5,9,18,442,10
196,"/wiE9doxiLwq3WCGamDIOb2PqBqc.jpg","2013-09-12","[18,80]",60574,"Peaky Blinders","[""GB""]","en","Peaky Blinders","En 1919, à Birmingham, soldats, révolutionnaires politiques et criminels combattent pour se faire une place dans le paysage industriel de l'après-Guerre. Le Parlement s'attend à une violente révolte, et Winston Churchill mobilise des forces spéciales pour contenir les menaces. La famille Shelby compte parmi les membres les plus redoutables. Surnommés les ""Peaky Blinders"" par rapport à leur utilisation de lames de rasoir cachées dans leurs casquettes, ils tirent principalement leur argent de paris et de vol. Tommy Shelby, le plus dangereux de tous, va devoir faire face à l'arrivée de Campbell, un impitoyable chef de la police qui a pour mission de nettoyer la ville. Ne doit-il pas se méfier tout autant de la ravissante Grace Burgess ? Fraîchement installée dans le voisinage, celle-ci semble cacher un mystérieux passé et un dangereux secret.",437.385,"/bGZn5RVzMMXju4ev7xbl1aLdXqq.jpg",8.5,8950,6,36,10
197,"/jkDK2WoQDINrUr0mmvIRJH2TXIN.jpg","2015-01-14","[9648,18,80]",60585,"Harry Bosch","[""US""]","en","Bosch","Harry Bosch est un détective aux homicides à Los Angeles. Bien qu’il ait été lavé de tout soupçon par les forces de l’ordre, il est toujours en procès, accusé d’avoir tué de sang-froid un potentiel tueur. Malgré cette affaire, qui s'avère médiatique, Harry refuse de s’éloigner de son travail et enquête sur des ossements qui viennent d’être retrouvés.",432.21,"/vHv87Zx0EbNS8sxDunItqeqBXOD.jpg",8,479,7,68,10
198,"/1fLufp1ZI2cofG4rV2xYYk4ahSS.jpg","2001-09-24","[18]",2406,"Preuve à l'appui","[""US""]","en","Crossing Jordan","Après avoir passé quelques années à Los Angeles, le Dr Jordan Cavanaugh revient à Boston, sa ville natale pour reprendre son ancien job au département de médecine légale de la police. Obstinée et forte tête, Jordan suit son intuition et mène sa propre enquête pour démontrer sa théorie...",432.16,"/bywFoHoLZvW2vxDc7n4ToAKkR0y.jpg",7.3,128,6,117,10
199,"/hdljnb2VUZAkoQ5u07w6nwRFzMt.jpg","1956-10-05","[37,18]",14328,"Dick Powell's Zane Grey Theatre","[""US""]","en","Dick Powell's Zane Grey Theatre","",430.617,"/kY1GfRiVJI6pT5BdJmtJ5jtT6bh.jpg",4.7,6,5,147,10
200,"/ev3gkQVVNet0VPdFeeVJBeQbvej.jpg","2022-05-05","[80,18]",153657,"Bosch: Legacy","[""US""]","en","Bosch: Legacy","Harry Bosch entame un nouveau chapitre de sa carrière. Il se retrouve à travailler avec son ennemie d'autrefois et avocate de premier plan, Honey ""Money"" Chandler...

Spin-off de la série Harry Bosch.",430.073,"/jaBQkpjXw0wtbAFLJ23SKFc6fa8.jpg",8.2,102,2,20,10
201,"/p4GKINJxZoFbPEvX5NKIb4lzaL.jpg","2004-09-22","[80,18,9648]",2458,"Les Experts : Manhattan","[""US""]","en","CSI: NY","À New York, Mack Taylor dirige une brigade d'experts en chimie, biologie, physique, mécanique et médecine. Ces experts mettent leur savoir au service de la justice. Le bras droit de Mac Taylor, Stella Bonasera, le seconde avec toute la passion qu'elle met dans son travail. Leur équipe se compose de Danny Messer, né à Brooklyn, d'un médecin légiste, un ancien chirurgien qui s'est reconverti après les décès de deux de ses patients, de Don Flack, impatient et fougueux, et d'Aiden Burn, jolie jeune femme capable de s'adapter à toutes les situations.",428.663,"/34c5OfkUBvGtpH0aCeuEqvEJMSG.jpg",7.3,615,9,197,10
202,"/qSrSg6dZeZy6uJ6SfSKbEAwk3Wo.jpg","2014-01-08","[80,18]",58841,"Chicago Police Department","[""US""]","en","Chicago P.D.","Des officiers en uniforme qui patrouillent et combattent le crime dans la rue, aux membres de l'unité des renseignements affectés à des affaires majeures (crime organisé, trafic de drogue, homicides...), toutes les recrues du poste de police du district 21 de Chicago risquent quotidiennement leurs vies. Ces énormes responsabilités dépassent souvent le simple cadre professionnel et entâchent la sphère privée de ces hommes et de ces femmes d'exception.

Spin-off de Chicago Fire centré sur une brigade de police de la ville.",427.496,"/7gtp4lusk685hdmuEXMbYrmSQoY.jpg",8.5,2197,10,208,10
203,"/uJWhX326FnQifpTgJ0ymhHqH4QM.jpg","2023-10-27","[]",237826,"Woozle - Die Serie","[""DE""]","de","Woozle - Die Serie","",426.947,"/n8phuN049h17VzZrifK67dDBm70.jpg",1,1,1,20,10
204,"null","1975-01-12","[10767]",136450,"Les Rendez-vous du dimanche","[""FR""]","fr","Les Rendez-vous du dimanche","Au terme d'une carrière journalistique, Michel Drucker présente de 1975 à 1980 l'émission Les Rendez-vous du dimanche, où il reçoit nombre de personnalités de la chanson, du cinéma et du petit écran. L'émission, réalisée par Rémy Grumbach, est enregistrée aux Studios des Buttes Chaumont (studios 11 et 14) le samedi, et diffusée le lendemain après-midi.",423.342,"/csEN53LOtSMucpBohRi8YKY27WU.jpg",0,0,6,165,10
205,"/vbz8B3pIrGjWKY6Y3OhUDVugHz8.jpg","2004-10-03","[9648,18,35]",693,"Desperate Housewives","[""US""]","en","Desperate Housewives","Wisteria Lane est un lieu paisible où les habitants semblent mener une vie heureuse... en apparence seulement ! Car en y regardant de plus près, on découvre bien vite, dans l'intimité de chacun, que le bonheur n'est pas toujours au rendez-vous. Et peu à peu, les secrets remontent inévitablement à la surface, risquant de faire voler en éclat le vernis lisse de leur tranquille existence...",422.885,"/mmL7HMdGOEaA8tR58s1PrpFsSmY.jpg",7.9,1662,8,179,10
206,"/lNpkvX2s8LGB0mjGODMT4o6Up7j.jpg","1999-01-10","[18]",1398,"Les Soprano","[""US""]","en","The Sopranos","Chef de la mafia et père de famille, Tony Soprano confie ses angoisses au Dr Jennifer Melfi, son psychiatre.

",422.858,"/11tZtih58G467gSC3mdUD5vK3w6.jpg",8.6,2337,6,86,10
252,"/fThSrHjuS1X82XoH9VrtvgvMIXm.jpg","2014-09-22","[10759,18,80]",60797,"Scorpion","[""US""]","en","Scorpion","Le ministère de l'Intérieur engage un génie et son équipe hétéroclite de prodiges pour protéger la nation d'une nouvelle génération sophistiquée de terroristes.",483.701,"/hzeirSF6bRjssDh5JFrm5WRwFLd.jpg",8.2,3693,4,93,9
253,"/x4lxFIhhrDI4nWtV8osnYwbGESV.jpg","2009-09-23","[35]",1421,"Modern Family","[""US""]","en","Modern Family","Quand les familles Pritchett, Delgado et Dunphy acceptent qu'un documentaire soit tourné sur leurs vies, elles étaient loin d'imaginer qu'elles allaient tant en révéler... Jay Pritchett a rencontré la très sexy Colombienne Gloria Delgado le jour où sa femme l'a quitté. Leur différence d'âge est pour lui un challenge de tous les jours. Sa fille, Claire, a elle-même bien du mal à gérer sa vie de famille depuis que son mari, Phil, est persuadé d'être en phase avec ses enfants adolescents alors qu'il ne fait que les embarrasser ! Quant au frère de Claire, Mitchell, il vit avec son petit-ami Cameron et ils viennent d'adopter Lily, une petite Vietnamienne...",479.788,"/qj41MchN8CnA6hBIt72EKw0I9ew.jpg",7.8,2371,11,250,9
254,"/3JyWKyCK1JlXsQKZbS55I20qp1g.jpg","1968-09-21","[80,18]",4660,"Auto-patrouille","[""US""]","en","Adam-12","Cette série met en scène le quotidien de deux policiers de Los Angeles, Peter Malloy et Jim Reed dans leur voiture de patrouille.",478.712,"/4En1odV6TjaUICtSFsF0FTIh6A9.jpg",7.2,36,7,174,9
255,"/qZ7CdO7rkH0KyCxvZBoP4Mm2cQL.jpg","2021-08-30","[10767,99]",132544,"위대한 수업, 그레이트 마인즈","[""KR""]","ko","위대한 수업, 그레이트 마인즈","",476.818,"/lj46PSaBziqCqbGXlmnXN325biA.jpg",3.7,7,3,472,9
256,"/dc3ih49pLxBLZRJJrN2UnGujv1.jpg","1984-09-18","[10759,18]",4571,"Rick Hunter, inspecteur choc","[""US""]","en","Hunter","Aux côtés de sa coéquipière Dee Dee McCall, l'inspecteur Rick Hunter utilise ses méthodes de choc pour faire régner l'ordre et la justice et pour mettre les criminels sous les verrous.",476.76,"/kmC8d3KQozh1SlIih0hdfXsGLe8.jpg",7.3,73,7,152,9
257,"/f14rjYL5ZHr6ekO02QucjGODbXy.jpg","2023-10-08","[18]",236873,"Rigo","[""CO""]","es","Rigo","",475.552,"/cpNVaiWGuKcUubMQgq3Ee6F9HBq.jpg",8.4,77,1,21,9
288,"/v2moumGovVAmDASYkjakIl2WrOM.jpg","2016-09-23","[18,10759]",67133,"MacGyver","[""US""]","en","MacGyver","Agé d'une vingtaine d'années, MacGyver, qui possède un don unique pour la débrouille et des méthodes peu orthodoxes pour parvenir à ses fins, travaille pour le gouvernement au sein d'une organisation secrète dont le but est de sauver des vies.",392.09,"/uW0vuEcPqtoqkoRg97Ta9dXJfiv.jpg",7.3,852,5,94,12
258,"/7sJrNKwzyJWnFPFpDL9wnZ859LZ.jpg","2012-09-27","[18,9648,80]",1415,"Elementary","[""US""]","en","Elementary","Une version moderne des aventures de Sherlock Holmes dans le New York contemporain. Renvoyé de Londres en raison de son addiction à l'alcool, Sherlock s'installe à Manhattan où son richissime paternel l'oblige à cohabiter avec son pire cauchemar : une personne sobre chargée de veiller sur lui. Ancienne chirurgienne promise à un bel avenir, Joan Watson a perdu un patient et sa licence trois ans plus tôt. Ce nouvel emploi est pour elle une nouvelle façon d'aider les autres, et surtout une pénitence qu'elle s'impose. Quand Sherlock devient consultant pour la police new-yorkaise, Watson n'a d'autre choix que suivre son irascible « client » lors de ses investigations. Très vite, ils réalisent l'un et l'autre les avantages que peut leur apporter un tel partenariat.",472.84,"/r0TUZmUYLI1OxKtShhqFZFSDF2n.jpg",7.6,1476,7,154,9
259,"/ojuqSPOEyAKmWQ9QR0EHxA7HeOz.jpg","1978-09-20","[18,80]",9769,"Vega$","[""US""]","en","Vega$","Vétéran du Vietnam, Dan Tanna s'est reconverti détective privé à Las Vegas. Epaulé par sa plantureuse assistante et son fidèle complice Bobby, Dan résout les affaires les plus diverses dans la ville qui ne dort jamais.",471.169,"/ugJjhw47YoltHOHMjweRJV7TzjN.jpg",7.2,16,3,68,9
260,"/i75aWzwR06cCUwOTzS8zSWg8th8.jpg","1994-09-18","[10766,18]",6467,"Chicago Hope","[""US""]","en","Chicago Hope","L'hôpital privé Chicago Hope réunit les meilleurs docteurs de la région, et chacun s'investit à fond pour sauver des vies, au risque de sacrifier sa vie personnelle.",470.831,"/x8ic33t4NurJul1oXmvKwKtWH28.jpg",7.4,63,6,141,9
261,"/lHe8iwM4Cdm6RSEiara4PN8ZcBd.jpg","2013-03-03","[10759,18,10768]",44217,"Vikings","[""CA""]","en","Vikings","Les exploits d'un groupe de vikings de la fin du 8ème siècle jusqu'au milieu du 11ème, mené par Ragnar Lodbrok, l'un des plus populaires héros viking de tous les temps, qui a régné quelques temps sur le Danemark et la Suède...",466.779,"/kF7TkNOil6oihykSEaMoK80iZ31.jpg",8.1,6431,6,89,9
262,"/5S0SI4NjyMji05OPL0GOZ4BsiMh.jpg","2020-01-20","[10764]",136166,"Lang Leve de Liefde","[""NL""]","nl","Lang Leve de Liefde","",462.56,"/9lpvvzEl5kViIc2vUJG4QKzj2ds.jpg",6,0,6,819,9
263,"/fXRgyxFxT3SG45fDqUODDRNE9IJ.jpg","2017-09-25","[35,10751]",71728,"Young Sheldon","[""US""]","en","Young Sheldon","Au Texas, un état où le football et la religion règnent, il n'est pas facile d'être un esprit scientifique hors du commun. Cette série raconte la jeunesse de Sheldon Cooper, personnage atypique et excentrique de la série THE BIG BANG THEORY. Alors que le jeune garçon cherche comment évoluer au sein de sa très normale famille, cette dernière doit aussi trouver un moyen de comprendre cet être à la fois malaisant et attachant. Avec Jim Parsons et Iain Armitage.",462.285,"/MpdROQ5XxQqOMKhJlLUf7PTxIC.jpg",8.1,2164,6,127,9
264,"/5BMwFwNzSidVYArn561acqtktxv.jpg","2005-09-19","[35]",1100,"How I Met Your Mother","[""US""]","en","How I Met Your Mother","Ted se remémore ses jeunes années, lorsqu'il était encore célibataire. Il raconte à ses enfants avec nostalgie ses moments d'égarements et de troubles, ses rencontres et ses recherches effrénées du Grand Amour et les facéties de sa bande d'amis...",461.638,"/zat4C4cnFYFhFLW922VmcxobD9C.jpg",8.2,4427,9,208,9
265,"/eUMwG5vXg4ovEUvXLAFgrr4bQvp.jpg","2010-10-31","[10759,18,10765]",1402,"The Walking Dead","[""US""]","en","The Walking Dead","Après une apocalypse, ayant transformé la quasi-totalité de la population en zombies, un groupe d'hommes et de femmes, mené par le shérif adjoint Rick Grimes, tente de survivre... Ensemble, ils vont devoir, tant bien que mal, faire face à ce nouveau monde, devenu méconnaissable, à travers leur périple dans le Sud profond des États-Unis.",461.307,"/mM0TulO84PK2yqMJhb1h0NpNfEo.jpg",8.1,15518,11,177,9
266,"/d4uBYX4ssmzyR8E2Nvc7O4ZjulR.jpg","2023-06-18","[10764]",225553,"Gran hermano","[""CL""]","es","Gran hermano","",460.577,"/A4MmFM6NlrsexPccslCZzqv8HsD.jpg",0,0,1,100,9
267,"/7lYBvjfgrguOUgnS9NrpysHtaCq.jpg","1967-03-28","[80,18,9648]",4582,"L'Homme de fer","[""US""]","en","Ironside","Après avoir reçu une balle dans la colonne vertébrale, le redoutable policier Robert Dacier (Robert T. Ironside en version originale) se retrouve dans un fauteuil roulant, privé de l'usage de ses jambes. Il est entouré d'une équipe efficace avec laquelle il continue à mener ses enquêtes policières.",460.37,"/hyu3hyWu7Oci6P5MaEvyOd2x4Kf.jpg",6.9,56,8,200,9
268,"/sAzw6I1G9JUxm86KokIDdQeWtaq.jpg","2019-02-15","[10765,18]",79501,"Doom Patrol","[""US""]","en","Doom Patrol","Les membres de la Doom Patrol ont chacun subi des accidents horribles qui leur ont conféré des capacités surhumaines - mais les ont également laissés marqués et défigurés. Traumatisée et opprimée, l’équipe a trouvé sa raison d’être par le biais du Chef, qui les a réunis pour enquêter sur les phénomènes les plus étranges qui existent - et pour protéger la Terre de ce qu’ils découvrent.",451.49,"/muIcIHBEGXiSzz7RNGisnTR3xU4.jpg",7.6,1227,4,46,9
269,"/wqv0cFJ2NLJAMtFAKDnDqZeoVuQ.jpg","2003-02-21","[35,10767]",4419,"Real Time with Bill Maher","[""US""]","en","Real Time with Bill Maher","Chaque semaine, Bill Maher s'entoure d'un panel d'invités qui comprend des politiciens, des acteurs, des comédiens, des musiciens et autres, pour discuter de ce qui se passe dans le monde.",451.401,"/2c918aWv3zlZjfvg8lCGuje111W.jpg",6.1,176,21,641,9
270,"/isPWZirQUCHpQ8aJZHa5s3EVXv1.jpg","2016-01-21","[10759,10765,18]",62643,"DC's Legends of Tomorrow","[""US""]","en","DC's Legends of Tomorrow","Un mystérieux ""maître du temps"" revenu du futur fait appel à des super-héros et des méchants pour former une équipe d'élite qui protégera la planète contre un tyran.",451.358,"/tAwfCIwA2BHR4H6j5hENvI3dbAl.jpg",7.3,2146,7,110,9
271,"/soQgquPkLmUu9eKLJJzuA4KZDyi.jpg","2017-01-26","[80,18,9648]",69050,"Riverdale","[""US""]","en","Riverdale","Sous ses airs de petite ville tranquille, Riverdale cache en réalité de sombres secrets. Alors qu'une nouvelle année scolaire débute, le jeune Archie Andrews et ses amis Betty, Jughead, et Kevin voient leur quotidien bouleversé par la mort mystérieuse de Jason Blossom, un de leurs camarades de lycée. Alors que les secrets des uns et des autres menacent de remonter à la surface, et que la belle Veronica, fraîchement débarquée de New York, fait une arrivée remarquée en ville, plus rien ne sera jamais comme avant à Riverdale...",422.324,"/jZ06hkecIfBf46ftfMc5ANaaU2p.jpg",8.5,13205,7,137,11
272,"/rNlYsPO8oqZrxedntqqzfyPJNzq.jpg","2014-09-25","[80,18,9648]",61056,"Murder","[""US""]","en","How to Get Away with Murder","Annalise Keating, brillante avocate et professeur de droit, se retrouve impliquée dans une affaire de meurtre avec cinq de ses étudiants.",418.488,"/bJs8Y6T88NcgksxA8UaVl4YX8p8.jpg",7.9,1449,6,90,11
273,"/mnASvq84XWrEpyDJzt1NzXdcREp.jpg","1948-10-03","[18]",10809,"The Philco Television Playhouse","[""US""]","en","The Philco Television Playhouse","",415.398,"/nnsKNCd14JjRTnaz6OZh4sQoNV6.jpg",5.3,4,8,267,11
274,"/iXPZWF2r8Jm06T1HD2frOsAakVv.jpg","1967-09-16","[10759,80,9648,18]",2813,"Mannix","[""US""]","en","Mannix","Joe Mannix est un enquêteur au service de la société Intersect. Dirigée par Lew Wickersham, cette agence peut toujours compter sur ses ordinateurs super puissants pour gérer les crises et obtenir des informations. Pourtant, Mannix, son meilleur agent, privilégie le terrain. Retrouver des personnes disparues, rechercher des objets volés ou démêler des affaires de corruption sont dans ses cordes. En raison de ses méthodes de vraie tête brûlée trop solitaire, le justicier au brushing impeccable entre très souvent en conflit avec son supérieur, dont la vision d’une affaire n’est jamais la même.",412.727,"/8Nh2D2dHKJnUbRHqLS5QsKWJuPb.jpg",6.8,41,8,194,11
275,"/7F9pXKnGsjPRiHGi14xKVlIxUI3.jpg","2023-10-30","[18]",152551,"我要逆风去","[""CN""]","zh","我要逆风去","",408.806,"/xjB5bSjQwuYnKH0ZXzvXn9tOnH8.jpg",0,0,1,40,11
276,"/shJhgNuC2a4hPdqvm8IDXFvYwLx.jpg","2016-09-20","[18]",67136,"This Is Us","[""US""]","en","This Is Us","Jack vit à Pittsburgh avec sa femme Rebecca, sur le point de donner naissance à des triplés. Arrivé à l'hôpital, le couple est pris en charge par le docteur Katowski. Kevin, jeune acteur lassé par la futilité du rôle qu'il tient dans une série, s'interroge sur sa carrière tandis que sa sœur jumelle, Kate, toujours au régime, est désespérée par ses kilos en trop. Abandonné à la naissance devant une caserne de pompiers, Randall, brillant juriste, a fait mener des recherches pour retrouver son père biologique mais hésite à le rencontrer. Ils ont en commun d'être nés le même jour et s'apprêtent à fêter leur trente-sixième anniversaire...",408.33,"/nbKEJpUJP2ZTQxUdG8FvPYAa8wC.jpg",8.2,1322,6,105,11
277,"/7YFranrnnIcCrgsLYQsoq8aE3Ir.jpg","1995-01-16","[10765,18,10759]",1855,"Star Trek : Voyager","[""US""]","en","Star Trek: Voyager","L'USS Voyager, commandé par le capitaine Kathryn Janeway, est précipité par une entité nommée le Pourvoyeur dans le quadrant Delta, à environ 75 000 années-lumière de la Terre, dès sa première mission.

Le capitaine s'efforce de trouver un moyen de ramener sur Terre son vaisseau, mais les choses sont plus compliquées qu'il y paraît : le voyage de retour devrait durer soixante-quinze ans en maintenant le Voyager à vitesse sa maximale. Le capitaine Janeway et l'équipage du Voyager vont devoir trouver comment accélérer leur retour vers la Terre, tout en étant mêlés bien malgré eux aux événements en cours dans le quadrant Delta...",407.304,"/gNS5tRSG3UlXodCxznKKOKweqxh.jpg",7.9,803,7,171,11
278,"/cK5AbLFBY2JDoqEdVXk0697e2SV.jpg","2006-10-11","[35]",4608,"30 Rock","[""US""]","en","30 Rock","La série se déroule dans le célèbre bâtiment new yorkais du 30 Rockefeller Plaza, et relate les vies professionnelles et personnelles des différents personnages travaillant, pour la plupart, pour TGS (The Girlie Show), une émission de télévision fictive, sur la chaîne de télévision américaine NBC. L'équilibre de l'émission est chamboulé par l'arrivée de Tracy Jordan, une ancienne star excentrique d'Hollywood, ainsi que le nouveau directeur de NBC, Jack Donaghy.",406.312,"/p0aXNISftoW4wP1GJc6SCdQhK2Q.jpg",7.4,594,7,138,11
279,"/4gFB4BF4zojCrD5JVHp74xWcoQL.jpg","1960-09-13","[80]",12272,"Thriller","[""US""]","en","Thriller","",403.526,"/lLrNBo5Krzu1oNlxEqKprk8UW5b.jpg",6.2,13,2,67,11
280,"/aCiXh5QX6bg0BtpFEBXKaZYScB4.jpg","2005-06-06","[10763,10764,99]",203599,"東張西望","[""HK""]","cn","東張西望","",401.304,"/qo6y0XvSBlKM3XCbYVdcR3a6qyQ.jpg",6.7,14,19,5348,11
281,"/xF4zSVyrOBO60Lwu2wDN0dBjEgk.jpg","1998-09-21","[35]",4238,"Un gars du Queens","[""US""]","en","The King of Queens","Doug Heffernan, chauffeur-livreur, et son épouse Carrie, secrétaire dans un cabinet d'avocats, mènent une vie paisible dans le Queens (quartier de New York) jusqu'au jour où l'excentrique père de Carrie vient s'installer chez eux…",400.449,"/bhkkaLKrOdqmEtXHugY1uRCdZNg.jpg",7.1,542,9,207,11
282,"/4043WFrLsGnZa3RL4Po9buc1EtF.jpg","2011-10-23","[18,10765]",39272,"Once Upon a Time","[""US""]","en","Once Upon a Time","De nos jours, dans une bourgade du Maine appelée Storybrooke, les contes de fées existent encore. C'est ce que va découvrir Emma, une jeune femme au passé trouble, embarquée dans un merveilleux et tragique voyage par le fils qu'elle a abandonné 10 ans plus tôt. Elle croisera sur son chemin la méchante Reine, qui n'est autre que l'impitoyable Maire de la ville, Blanche Neige, devenue la douce Soeur Mary Margaret Blanchard, Rumplestiltskin, l'effrayant expert en magie noire ou encore Archie, le sympathique Jiminy Cricket local. Avec son arrivée, c'est l'espoir de toute une communauté amnésique qui renaît...",398.992,"/xo2rvKpbKTC8sQ6ELYssjWy2IMP.jpg",7.3,1963,7,156,11
283,"/jB3CQHS4zBzD00yZG936WmsH6P4.jpg","1989-01-08","[80,18,9648]",790,"Hercule Poirot","[""GB""]","en","Agatha Christie's Poirot","Hercule Poirot, ancien policier belge, a fui son pays pendant la Première Guerre mondiale. Désormais, il vit à Londres et exerce en tant que détective privé. Sa réputation d'enquêteur hors pair est internationale et de nombreuses personnes font appel à lui pour percer des mystères que la police n'a pas su résoudre.",396.701,"/jvYwxxkuWxN6wXIHMzeSoO6tJuY.jpg",8.2,401,13,70,11
284,"/4urs3DgIgWdvOra73MHnC376CYh.jpg","2011-10-25","[35,80,18,9648]",41956,"Meurtres au paradis","[""GB""]","en","Death in Paradise","Le détective Richard Poole est muté à Sainte Marie, une île des Caraïbes. Totalement inadapté au style de vie caribéen, Richard déteste le soleil, la mer et le sable et n'est pas habitué aux méthodes policières de Sainte Marie. Travaillant de pair avec l'exotique Camille, chaque semaine, Richard enquête sur des meurtres complexes et inhabituels.",395.117,"/zPBnR8alr8bTlnJt6XdI57UFbGO.jpg",7.5,212,12,96,11
285,"/7zDjaT3hSNkjUDtiG1W2vOdecVB.jpg","2016-09-12","[10767]",67824,"Quotidien","[""FR""]","fr","Quotidien","Quotidien est une émission de télévision française présentée par Yann Barthès et diffusée sur TMC.",394.909,"/7MLudN84q0YD3vLYIeqcbXjMNBW.jpg",8.3,4,8,331,11
286,"/iq7kBdJfpbyt9hMZUaF6B0osr3v.jpg","1985-09-18","[10759,80,18]",4297,"Equalizer","[""US""]","en","The Equalizer","Robert McCall, agent des services secrets américains à la retraite, tente de racheter ses actions passées en offrant (presque) gratuitement ses services aux plus démunis face aux criminels de toutes sortes.",394.104,"/he4X6Ca0KUPOfkIwFshR9JcPs3p.jpg",7.2,47,4,88,11
287,"/axanatjrKAXS34wMOBtwYjXTbAb.jpg","1998-09-26","[10759,35,80]",4397,"V.I.P.","[""US""]","en","V.I.P.","Vallery Irons, une femme qui a sauvé accidentellement une célébrité, est embauchée par une véritable agence de gardes du corps comme une célèbre figure de proue, alors que ce sont les autres membres de l'agence qui travaillent à résoudre les cas. Ironie du sort, son manque de compétences d'enquêtrice finira par vaincre les antagonistes dans chaque épisode.

Les autres membres de l'équipe sont un panel de personnes issues de milieux fort différents : un ancien membre du KGB, CIA, FBI, une spécialiste en informatique, un maître en karaté, un ancien policier et un ancien boxeur de rue.",393.374,"/2pHBPVGn2DpYEAHBdT62nc0untt.jpg",5.2,52,4,88,12
289,"/aWnEtYJn31swY2pC8cOtje98bYc.jpg","2016-11-04","[18]",65494,"The Crown","[""GB"",""US""]","en","The Crown","Cette série dramatique retrace les rivalités politiques, intrigues et événements qui ont marqué le règne de la reine Élisabeth II et la seconde moitié du XXe siècle.",392.017,"/snrhOM9JOY3i7UGNDZBfBakiq4n.jpg",8.2,1825,6,60,12
290,"/7TNIH7x3l3jSQfOZEW9F0kJrT7M.jpg","1968-09-20","[10759,10765]",11978,"The Name of the Game","[""US""]","en","The Name of the Game","",391.241,"/tc5VyBM94h8GJ3Z5MvyemSFiESO.jpg",7.2,9,3,76,12
291,"/evJaCkNlgUt55dcOaAJqxD90FWs.jpg","2013-09-23","[35,18]",49011,"Mom","[""US""]","en","Mom","Christy, une mère de famille célibataire, tout juste sortie de cure de désintoxication, doit remettre de l'ordre dans sa vie. Mais sa mère, Bonnie, une alcoolique notoire avec qui elle n'a plus eu de contact depuis plusieurs années, refait surface et lui complique infiniment la tâche. Lorsque ses enfants et son boss s'y mettent à leur tour, rien ne va plus pour Christy... à nouveau !",389.064,"/8jR5i2z51ymZMrehUgVHFlXUVcB.jpg",7.3,520,8,170,12
292,"/jFg7lMtkttNNme3cSTyj2BgerQX.jpg","2000-10-05","[35,18]",4586,"Gilmore Girls","[""US""]","en","Gilmore Girls","La série raconte la relation complice et même privilégiée de Lorelai avec sa fille Rory qu'elle eut à 16 ans. Entre leurs histoires d'amour respectives et les relations avec les grands-parents de Rory ou les personnages secondaires rencontrés au travail de Lorelai ou au lycée d'élite de Rory dans la petite ville de Stars Hollow, Lorelai et Rory n'ont pas le temps de s'ennuyer.",385.471,"/mjDOpFxusZb05umOQJbYRq8J4Vi.jpg",7.9,861,7,153,12
293,"/mqnyFBK7RMZaGhD6gVHspoUYK6I.jpg","2021-02-08","[35,18,10751]",119316,"वागले की दुनिया","[""IN""]","hi","वागले की दुनिया","",385.178,"/jKonm6Q3vw51Ytd4y7bJ70xJT7l.jpg",7.8,12,1,832,12
294,"/gpJZiTvklr5JN0mzpQwl99peQD7.jpg","1966-01-12","[10765,35,10759]",2287,"Batman","[""US""]","en","Batman","Riche et puissant, Bruce Wayne enfile son costume et devient Batman, justicier de Gotham City. Aidé par le fidèle Robin, il aide la police à traquer les criminels et à défendre les innocents.",385.161,"/sXQjd5YxjqJmSvR250d1G9C2Igf.jpg",7.4,478,3,120,12
295,"/2IjkAmxhg4p29rcrp7xSrfKGzyo.jpg","1996-09-27","[35,10751,10765,10762]",605,"Sabrina, l'apprentie sorcière","[""US""]","en","Sabrina, the Teenage Witch","À 16 ans, Sabrina se découvre des pouvoirs de sorcière. Guidée par ses tantes, son apprentisage de la magie commence. Mais sa vie va s'en trouver bouleversée...",384.791,"/lJSnXeLh4ud49YuoVoSJR4mWeCG.jpg",7.9,981,7,163,12
296,"/8MQeyFsWrp2ILjbumtxrinmk7t4.jpg","2006-07-18","[10765,35,18]",4620,"Eureka","[""US""]","en","Eureka","Jack Carter, un marshall américain, découvre, au cours d'une escapade avec sa fille Zoe, l'existence d'Eureka, un complexe top-secret abritant des scientifiques et leur famille dans le but de les faire travailler sur des projets confidentiels. Mis au pied du mur et fasciné par cette ambitieuse entreprise, il accepte d'en devenir le shérif. Mais il est rapidement confronté à des événements et à des phénomènes qui dépassent son entendement.",384.077,"/gBQXWLPRG9j8851z8qCPmoVdmAp.jpg",7.8,551,5,77,12
297,"/qMFJgJrrSArM69NXLAPiWx7JCa1.jpg","1950-01-30","[18]",14944,"Robert Montgomery Presents","[""US""]","en","Robert Montgomery Presents","",383.437,"/jZLS9pS4JGltYIB43c2UvXhqZqW.jpg",4.7,3,8,318,12
298,"/gjRlgufdujnOXSnQx4djAIFBQvB.jpg","2009-02-02","[10764]",8514,"RuPaul's Drag Race","[""US""]","en","RuPaul's Drag Race","Ces reines rivalisent pour décrocher la couronne et remporter les 100 000 $ mis en jeu dans cette série primée aux Emmys et animée par RuPaul.",382.746,"/rM31D4ecYfpqUZ6s0o6yoxwK5UG.jpg",7.7,198,15,207,12
299,"/v57TanoRlAwBye6UOF1s6O7GFDf.jpg","1965-09-15","[37]",11577,"La Grande Vallée","[""US""]","en","The Big Valley","Saga de la famille Barkley, à Stockton en Californie à la fin du xixe siècle. Victoria Barkley, veuve énergique, dirige un ranch avec l'aide de ses trois fils, de sa fille et du fils illégitime, métis, de son époux.",382.112,"/zSbBujrNfQzjTWxh7KDVusFwBzU.jpg",5.8,45,4,112,12
300,"/7z1QYCB1cu06u3oJwIupRlZ8SrX.jpg","1957-09-14","[37,10759]",10980,"Have Gun, Will Travel","[""US""]","en","Have Gun, Will Travel","",381.816,"/tMxuIEqgWhlGMbGfuVEmbxKTeUZ.jpg",7.5,34,6,225,12
301,"/dAepkmD4vdfhS82r2OIqF1nwGR5.jpg","2009-09-22","[10759,18,80,9648]",17610,"NCIS : Los Angeles","[""US""]","en","NCIS: Los Angeles","Les enquêtes de l'équipe du NCIS de Los Angeles spécialisée dans les missions d'infiltration... Le bureau des cas spéciaux basé à Los Angeles est chargé d'appréhender les criminels qui menacent la sécurité de la Nation. Rien n'arrête l'équipe de l'OSP muni de fausses identités, de couverture et de technologies avancées.",381.593,"/TIIgcznwNfNr3KOZvxn26eKV99.jpg",7.6,1062,14,323,12
302,"/AmIHaw6CQWOfBCQYom15Jzsu7OB.jpg","2014-08-22","[16,35,18]",61222,"BoJack Horseman","[""US""]","en","BoJack Horseman","Retrouvez le cheval le plus adulé des années 1990, 20 ans plus tard. Il a beau avoir un caractère de cochon, au fond, c'est quand même un chouette type.",381.439,"/6JFWzlChcGgLiIUo2COgNlWGFKy.jpg",8.6,2119,6,76,12
303,"/1BLB9Fg0mZeArORKteomNxROb7F.jpg","1959-10-02","[10765,9648,18]",6357,"La Quatrième dimension","[""US""]","en","The Twilight Zone","Nous sommes transportés dans une autre dimension, une dimension faite non seulement de paysages et de sons, mais surtout d'esprits. Un voyage dans une contrée sans fin dont les frontières sont notre imagination. Un voyage au bout des ténèbres où il n'y a qu'une destination : la Quatrième Dimension.",381.391,"/7badiWr2ZL7WmM7aQbNiV2ANOnr.jpg",8.5,786,5,156,12
304,"/vr2pasVUtMvpsWW8BhFBPbYiOl3.jpg","2013-09-24","[10751,35]",49009,"Les Goldberg","[""US""]","en","The Goldbergs","Grandir dans les années 80 au sein d’une  famille complétement barrée mais aimante, c’était le quotidien d’Adam,  aujourd’hui trentenaire, qui se demande comment il a pu devenir si  « normal » dans de telles conditions. A partir des vidéos qu’il a  tournées pendant toute son enfance, il en retrace les événéments les  plus marquants…",381.043,"/8xC5ZM7fRr12MRgWljaQGtFAkZV.jpg",7.7,293,10,229,12
305,"/woA7DdpCtbH35SczuvvHTqurhGC.jpg","2003-10-22","[80]",40862,"Division Criminelle","[""DE""]","de","SOKO Köln","Daniela, Franck, Tobi et les autres sont des jeunes flics de la division criminelle de Cologne. Plutôt drôles et sympathiques, ils ne sont pas de parfaits héros mais plutôt des hommes et des femmes avec leurs hauts et leurs bas, personnels ou professionnels.",379.118,"/uCerPXtj8Oz9kvks9KuUE16O0I4.jpg",6.3,4,22,473,12
306,"null","2023-10-15","[]",237200,"Stardance XII ...kolem dokola","[""CZ""]","cs","Stardance XII ...kolem dokola","",378.735,"/ot9MBwaVWb8vJU3mrUPXSuIcxUP.jpg",0,0,1,33,12